TimeStamp,X,Y,Z,Roll,Pitch,Yaw
0.06998762,-1,15.22152,-33,0,0,0
0.1200261,-1,15.13519,-33,0,0,0
0.1801849,-1,14.94684,-33,0,0,0
0.2421326,-1,14.68786,-33,0,0,0
0.2988959,-1,14.35824,-33,0,0,0
0.3551578,-1,13.95799,-33,0,0,0
0.4119724,-1,13.675,-33,0,0,0
0.4677659,-1,13.675,-33,0,0,0
0.5228174,-1,13.675,-33,0,0,0
0.5813295,-1,13.675,-33,0,0,0
0.6381118,-1,13.675,-33,0,0,0
0.6952456,-1,13.675,-33,359.9,359.9,6.513785E-12
0.7460805,-1,13.675,-33,359.6,359.7,0
0.8089261,-1,13.675,-33,359.6,359.7,0
0.8658136,-1,13.675,-33,359.6,359.7,0
0.9241831,-1,13.675,-33,359.4,359.6,0
0.9815729,-1,13.675,-33,359.4,359.6,0
1.03834,-1,13.675,-33,358.4,359.4,0
1.094855,-1,13.675,-33,356,359,0
1.146261,-1,13.675,-33,354.3,359.1,0
1.208745,-1,13.675,-33,352.8,359.5,3.36156E-09
1.264919,-1,13.675,-33,350.7,0.2,0
1.323226,-1,13.675,-33,349.1,0.6,0
1.379961,-1,13.675,-33,347.2,1.1,0
1.431068,-1,13.675,-33,345.9,1.5,0
1.481921,-1,13.675,-33,345.4,1.5,1.378535E-08
1.533404,-1,13.675,-33,344.4,1.6,0
1.584924,-1,13.675,-33,343.8,2,-2.778361E-08
1.635576,-1,13.675,-33,343.8,2,-2.778361E-08
1.685704,-0.9916241,13.675,-32.76015,343.8,2,-2.778361E-08
1.736571,-0.9860402,13.675,-32.60024,343.8,2,-2.778361E-08
1.787399,-0.9776643,13.675,-32.36039,343.8,2,-2.778361E-08
1.837099,-0.9718013,13.675,-32.2005,347.1,2.1,0
1.889027,-0.9630069,13.675,-31.96066,349.2,2.1,0
1.939344,-0.9579811,13.675,-31.80074,351,1.8,0
1.989109,-0.9516987,13.675,-31.56082,354.2,1.5,0
2.042618,-0.9494647,13.675,-31.40084,356.4,0.8000002,-1.670823E-09
2.093364,-0.9469514,13.675,-31.16085,357.2,0.6000001,0
2.14988,-0.9444382,13.675,-30.92086,357.4,0.6000001,0
2.206003,-0.941925,13.675,-30.68088,357.4,0.6000001,0
2.262212,-0.9413665,13.675,-30.52088,358.3,0.2000001,2.085326E-10
2.319239,-0.9413665,13.675,-30.28088,358.6,9.763916E-08,-9.942201E-17
2.375871,-0.9413665,13.675,-30.04088,358.6,9.763916E-08,-9.942201E-17
2.432676,-0.9413665,13.675,-29.80088,358.6,9.763916E-08,-9.942201E-17
2.489885,-0.9413665,13.675,-29.56087,358.6,9.763916E-08,-9.942201E-17
2.546825,-0.9413665,13.675,-29.56087,358.6,9.763916E-08,-9.942201E-17
2.602669,-0.9413665,13.675,-29.56087,358.6,9.763916E-08,-9.942201E-17
2.660087,-0.9413665,13.675,-29.56087,358.6,9.763916E-08,-9.942201E-17
2.716863,-0.9413665,13.675,-29.56087,358.6,9.763916E-08,-9.942201E-17
2.774064,-0.9413665,13.675,-29.32088,358.6,9.763916E-08,-9.942201E-17
2.829354,-0.9417854,13.675,-29.08088,358.7,359.9,1.042472E-10
2.886865,-0.9422042,13.675,-28.84088,358.7,359.9,1.042472E-10
2.94413,-0.9426231,13.675,-28.60088,358.7,359.9,1.042472E-10
3.000855,-0.9429024,13.675,-28.44088,358.7,359.9,1.042472E-10
3.056909,-0.9433213,13.675,-28.20088,358.6,359.9,0
3.113977,-0.9437401,13.675,-27.96088,358.6,359.9,0
3.170818,-0.944159,13.675,-27.72088,358.6,359.9,0
3.227146,-0.9445779,13.675,-27.48088,358.6,359.9,0
3.283257,-0.9448572,13.675,-27.32088,358.6,359.9,0
3.340876,-0.945276,13.675,-27.08088,358.6,359.9,0
3.396794,-0.9456949,13.675,-26.84088,358.6,359.9,0
3.454987,-0.9461138,13.675,-26.60088,358.6,359.9,0
3.511685,-0.9465327,13.675,-26.36088,358.6,359.9,0
3.568807,-0.9469516,13.675,-26.12088,358.6,359.9,0
3.625125,-0.9473704,13.675,-25.88088,358.6,359.9,0
3.682172,-0.9476497,13.675,-25.72088,358.6,359.9,0
3.738954,-0.9484875,13.675,-25.48088,358.5,359.8,-2.085123E-10
3.795631,-0.9493252,13.675,-25.24088,358.5,359.8,-2.085123E-10
3.852302,-0.9539326,13.675,-25.00093,358.5,358.9,-1.668098E-09
3.908582,-0.9652381,13.675,-24.76119,358.5,357.3,3.336196E-09
3.966743,-0.9790535,13.675,-24.52159,358.5,356.7,0
4.021913,-0.9882637,13.675,-24.36186,358.5,356.7,0
4.078488,-1.002915,13.675,-24.12231,358.5,356.5,3.336196E-09
4.132195,-1.017985,13.675,-23.88278,358.5,356.4,-3.336196E-09
4.183479,-1.033876,13.675,-23.72357,359.5,354.3,0
4.235189,-1.075964,13.675,-23.48729,1.999997,349.9,0
4.288973,-1.127092,13.675,-23.2528,2.599996,347.7,0
4.343754,-1.178407,13.69712,-23.01924,2.599996,347.7,0
4.401653,-1.212868,13.72069,-22.86479,2.599996,347.7,0
4.458952,-1.212868,13.72069,-22.86479,2.599996,347.7,0
4.516737,-1.26456,13.75605,-22.6331,2.599996,347.7,0
4.570641,-1.323664,13.79114,-22.40315,3.899996,345.9,5.34847E-08
4.626171,-1.398201,13.82555,-22.17763,6.699997,342.1,0
4.684064,-1.475546,13.85982,-21.95304,7.199997,341.4,0
4.737004,-1.527109,13.88267,-21.80331,6.499996,341.4,0
4.78897,-1.603655,13.91698,-21.57844,5.499996,341.6,5.360765E-08
4.840955,-1.654417,13.93987,-21.42844,5.299998,341.7,-5.358995E-08
4.893324,-1.73056,13.97421,-21.20345,5.299998,341.7,-5.358995E-08
4.947652,-1.806703,14.00854,-20.97845,5.299998,341.7,-5.358995E-08
5.000889,-1.857465,14.03143,-20.82845,5.299998,341.7,-5.358995E-08
5.051503,-1.857465,14.03143,-20.82845,5.299998,341.7,-5.358995E-08
5.10559,-1.857465,14.03143,-20.82845,5.299998,341.7,-5.358995E-08
5.158501,-1.857465,14.03143,-20.82845,5.299998,341.7,-5.358995E-08
5.210226,-1.857465,14.03143,-20.82845,5.299998,341.7,-5.358995E-08
5.26283,-1.857465,14.03143,-20.82845,5.299998,341.7,-5.358995E-08
5.316214,-1.857465,14.03143,-20.82845,5.299998,341.7,-5.358995E-08
5.368399,-1.857465,14.03143,-20.82845,5.299998,341.7,-5.358995E-08
5.421463,-1.857465,14.03143,-20.82845,5.299998,341.7,-5.358995E-08
5.472713,-1.857465,14.03143,-20.82845,5.099997,341.7,0
5.525105,-1.933608,14.06576,-20.60346,4.799997,341.7,0
5.579187,-1.98437,14.08865,-20.45346,4.199997,341.7,0
5.631401,-2.060113,14.12301,-20.22833,3.399997,341.8,0
5.684038,-2.135855,14.15793,-20.0032,2.199997,341.8,-5.340022E-08
5.736855,-2.188272,14.18184,-19.85394,0.8999966,341.1,0
5.79082,-2.26969,14.21756,-19.63101,0.2999965,340.4,0
5.838413,-2.323968,14.24137,-19.4824,0.2999965,340.4,0
5.885782,-2.405784,14.27707,-19.25961,359.7,340.3,3.335099E-09
5.936901,-2.460328,14.30087,-19.11109,358.5,340.3,0
5.98722,-2.542143,14.33656,-18.88831,357.6,340.3,2.670384E-08
6.039713,-2.596422,14.36038,-18.73969,357.4,340.4,-2.670792E-08
6.092635,-2.67784,14.39609,-18.51677,357.4,340.4,-2.670792E-08
6.144403,-2.759257,14.43181,-18.29384,357.4,340.4,-2.670792E-08
6.197993,-2.812739,14.45567,-18.14495,357.2,340.7,-5.342463E-08
6.248549,-2.887757,14.49174,-17.91984,357,342,0
6.301141,-2.93562,14.51589,-17.76909,357,342.8,2.671704E-08
6.353252,-3.004987,14.55224,-17.54223,357,343.4,0
6.406528,-3.004987,14.55224,-17.54223,357,343.4,0
6.458042,-3.004987,14.55224,-17.54223,357,343.6,2.671704E-08
6.51094,-3.004987,14.55224,-17.54223,357,346.3,0
6.562843,-3.035615,14.57709,-17.38717,357,349.1,0
6.614187,-3.075717,14.61452,-17.15352,357.2,350.5,2.671231E-08
6.665868,-3.11582,14.65196,-16.91988,357.2,350.5,2.671231E-08
6.719576,-3.140044,14.67698,-16.76371,357.1,351.4,0
6.772698,-3.164182,14.71476,-16.52794,357.4,354.3,0
6.827784,-3.09158,14.74137,-16.36187,358.2,0.3999982,4.170874E-10
6.884399,-2.966067,14.76266,-16.22899,358.9,5.299998,-3.335668E-09
6.941808,-2.879647,14.77666,-16.14163,358.9,5.899998,6.671335E-09
6.998595,-2.747854,14.79767,-16.00715,358.5,7.499999,-1.334479E-08
7.0509,-2.747854,14.79767,-16.00715,357.7,10.3,0
7.10378,-2.747854,14.79767,-16.00715,357.2,14.7,0
7.1554,-2.747854,14.79767,-16.00715,356.8,18.1,0
7.211729,-2.747854,14.79767,-16.00715,356.1,21.9,0
7.268766,-2.747854,14.79767,-16.00715,355.4,24.4,0
7.326715,-2.747854,14.79767,-16.00715,355.3,24.6,-1.070818E-07
7.383826,-2.747854,14.79767,-16.00715,355.3,24.7,1.070818E-07
7.440851,-2.747854,14.79767,-16.00715,354.7,25.5,0
7.497692,-2.747854,14.79767,-16.00715,353.8,26.9,-1.073496E-07
7.553201,-2.747854,14.79767,-16.00715,353.6,27.2,0
7.610281,-2.604679,14.82484,-15.82911,353.6,27.2,0
7.667127,-2.444075,14.84934,-15.6685,353.6,27.2,0
7.722469,-2.337005,14.86568,-15.56143,353.6,27.2,0
7.779137,-2.176399,14.89019,-15.40083,353.4,27.2,0
7.836365,-2.016164,14.91464,-15.24059,352.9,26.8,1.075464E-07
7.892783,-1.856116,14.93907,-15.08053,352.5,26.6,0
7.948261,-1.696352,14.96345,-14.92076,352.2,26.3,-1.077183E-07
8.005415,-1.536585,14.98783,-14.761,352.2,26.3,-1.077183E-07
8.061259,-1.430263,15.00405,-14.65469,352.1,26,0
8.117588,-1.271278,15.02831,-14.49569,352.1,25.5,0
8.173504,-1.112615,15.05253,-14.33696,352.3,25.2,0
8.226551,-0.9547501,15.07662,-14.1791,352.7,24.4,0
8.286631,-0.7982893,15.1005,-14.02263,353.4,23.1,0
8.343812,-0.6420518,15.12434,-13.8664,353.5,22.9,-3.222365E-07
8.399649,-0.5381951,15.14019,-13.76254,353.7,22.5,1.073701E-07
8.457096,-0.3832205,15.16384,-13.60757,354.2,21.8,0
8.513546,-0.2303123,15.18717,-13.45466,355.5,20.1,-5.352585E-08
8.570901,-0.07855415,15.21033,-13.3029,356.3,19.2,-5.347231E-08
8.629987,0.07320404,15.23349,-13.15114,356.3,19.2,-5.347231E-08
8.690751,0.2249622,15.25664,-12.99938,356.3,19.2,-5.347231E-08
8.744867,0.3767203,15.2798,-12.84762,356.3,19.2,-5.347231E-08
8.802914,0.4778924,15.29524,-12.74645,356.3,19.2,-5.347231E-08
8.859071,0.6291271,15.31832,-12.59522,356.5,18.8,0
8.916274,0.780362,15.3414,-12.44398,356.5,18.8,0
8.972486,0.9315967,15.36448,-12.29275,356.5,18.8,0
9.029643,1.082831,15.38755,-12.14151,356.5,18.8,0
9.086136,1.233232,15.41116,-11.99111,356.6,18.2,0
9.141699,1.331785,15.42695,-11.89256,356.6,16.4,0
9.197615,1.478012,15.45038,-11.74633,356.6,15.3,-5.345495E-08
9.25283,1.623793,15.47374,-11.60055,356.7,15,0
9.309186,1.769122,15.49703,-11.45522,356.8,14.7,0
9.364912,1.914148,15.52026,-11.31019,356.8,14.5,0
9.423038,1.914148,15.52026,-11.31019,356.9,13.3,-2.671952E-08
9.480017,1.914148,15.52026,-11.31019,356.9,9.800002,-2.671952E-08
9.535707,1.914148,15.52026,-11.31019,356.9,4.900002,0
9.591856,1.914148,15.52026,-11.31019,357.7,1.000002,-1.668871E-09
9.647833,1.914148,15.52026,-11.31019,357.8,358.5,0
9.702591,1.914148,15.52026,-11.31019,357.8,355.8,0
9.759254,1.914148,15.52026,-11.31019,357.8,352,0
9.817847,1.914148,15.52026,-11.31019,357.8,347.9,-2.670011E-08
9.873583,1.914148,15.52026,-11.31019,357.2,344.8,0
9.930256,1.914148,15.52026,-11.31019,356.5,342.1,5.346057E-08
9.987347,1.914148,15.52026,-11.31019,355.4,338,5.353328E-08
10.04396,1.914148,15.52026,-11.31019,354.9,335.3,0
10.10018,1.914148,15.52026,-11.31019,354.8,335,1.071627E-07
10.15722,1.970046,15.52922,-11.25429,354.8,335,1.071627E-07
10.19934,2.008204,15.53551,-11.21502,354.8,335,1.071627E-07
10.24028,2.051305,15.54433,-11.15997,354.8,335,1.071627E-07
10.28312,2.095533,15.55703,-11.08072,354.8,335,1.071627E-07
10.32351,2.137476,15.58526,-10.90451,354.8,335,1.071627E-07
10.36812,2.131561,15.60972,-10.75191,354.8,335,1.071627E-07
10.41051,2.076644,15.6332,-10.60535,354.8,335,1.071627E-07
10.4539,2.008319,15.65609,-10.46249,354.8,335,1.071627E-07
10.49929,1.939994,15.67898,-10.31964,354.8,335,1.071627E-07
10.5444,1.837507,15.71331,-10.10535,354.8,335,1.071627E-07
10.59031,1.769181,15.7362,-9.962496,354.8,335,1.071627E-07
10.6367,1.700857,15.75909,-9.81964,354.8,335,1.071627E-07
10.68417,1.598369,15.79342,-9.605356,354.8,335,1.071627E-07
10.73092,1.530044,15.81631,-9.462501,354.8,335,1.071627E-07
10.77666,1.460957,15.83915,-9.320003,354.8,334.7,0
10.82462,1.349777,15.8728,-9.109987,354.7,332.7,0
10.86908,1.264453,15.89421,-8.97634,354,328.1,0
10.91673,1.174899,15.91519,-8.845421,353.6,326.3,0
10.96351,1.040568,15.94665,-8.649041,353.6,326.3,0
11.00504,0.9510134,15.96763,-8.518121,353.6,326.3,0
11.04685,0.8614592,15.98861,-8.387201,353.6,326.3,0
11.09022,0.7707459,16.00946,-8.257062,353.6,325.8,0
11.12969,0.7707459,16.00946,-8.257062,353.3,323.3,0
11.17245,0.7707459,16.00946,-8.257062,352.9,320.8,0
11.21366,0.7707459,16.00946,-8.257062,352.6,319.6,0
11.2558,0.6662858,16.02863,-8.137394,352.6,319.6,0
11.2974,0.5618405,16.04736,-8.017683,352.6,319.6,0
11.33152,0.4570268,16.06559,-7.898178,352.6,319.4,2.152361E-07
11.36658,0.3522132,16.08383,-7.778673,352.6,319.4,2.152361E-07
11.39399,0.2997008,16.09293,-7.719011,352.6,319.3,-2.152361E-07
11.42177,0.2471883,16.10204,-7.659348,352.6,319.3,-2.152361E-07
11.44967,0.1421635,16.12025,-7.540024,352.6,319.3,-2.152361E-07
11.47188,0.08965109,16.12935,-7.480362,352.6,319.3,-2.152361E-07
11.49393,0.03713867,16.13845,-7.420701,352.6,319.3,-2.152361E-07
11.51568,-0.01537374,16.14756,-7.361038,352.6,319.3,-2.152361E-07
11.53819,-0.06788615,16.15666,-7.301376,352.6,319.3,-2.152361E-07
11.55989,-0.1203986,16.16577,-7.241714,352.6,319.3,-2.152361E-07
11.5813,-0.172911,16.17487,-7.182052,352.6,319.3,-2.152361E-07
11.6021,-0.2254234,16.18398,-7.12239,352.6,319.3,-2.152361E-07
11.62427,-0.3304482,16.20218,-7.003066,352.6,319.3,-2.152361E-07
11.64639,-0.3829606,16.21129,-6.943404,352.6,319.3,-2.152361E-07
11.6683,-0.4352617,16.22042,-6.883561,352.8,319.5,0
11.69102,-0.4867108,16.22966,-6.823,353.6,320.3,0
11.71224,-0.5371892,16.23903,-6.761647,354.6,321.2,0
11.73438,-0.5866839,16.24851,-6.699515,355.6,322.1,1.070372E-07
11.75777,-0.6349593,16.25813,-6.636452,356.9,323.2,1.068781E-07
11.77939,-0.6824491,16.26784,-6.572809,358,323.9,-5.339338E-08
11.81077,-0.7760702,16.28741,-6.444544,359.3,324.5,1.334121E-08
11.85004,-0.8825024,16.30286,-6.343292,1.499992,325.2,2.668957E-08
11.89409,-1.006952,16.31259,-6.279564,3.499993,326,0
11.93661,-1.131161,16.32229,-6.21596,3.799992,326.2,0
11.97798,-1.25537,16.332,-6.152355,3.799992,326.2,0
12.02495,-1.441683,16.34656,-6.056948,3.799992,326.2,0
12.06892,-1.565892,16.35627,-5.993343,3.699992,326.2,0
12.1157,-1.6901,16.36597,-5.929738,3.699992,326.2,0
12.16047,-1.81431,16.37569,-5.866055,3.699992,326.2,0
12.20549,-2.000612,16.39034,-5.770041,3.399992,326.2,0
12.25029,-2.125264,16.4002,-5.705423,2.199993,325.8,0
12.29101,-2.249881,16.41011,-5.640499,1.999993,325.8,-5.339338E-08
12.32669,-2.37445,16.42006,-5.575252,1.999993,325.8,-5.339338E-08
12.36009,-2.436715,16.42506,-5.542502,1.999993,325.8,-5.339338E-08
12.39115,-2.561196,16.4351,-5.476741,1.999993,325.8,-5.339338E-08
12.42316,-2.62341,16.44014,-5.443727,1.999993,325.8,-5.339338E-08
12.45618,-2.74778,16.45025,-5.377423,1.999993,325.8,-5.339338E-08
12.48829,-2.871872,16.46038,-5.311044,1.499992,326,-2.668957E-08
12.5202,-2.932112,16.467,-5.267644,1.499992,326.9,-2.668957E-08
12.55282,-3.028548,16.48571,-5.145076,1.499992,328.4,-2.668957E-08
12.58481,-3.107535,16.5067,-5.007525,1.499992,330.7,-5.337914E-08
12.61806,-3.142932,16.51752,-4.936603,1.499992,334,2.668957E-08
12.654,-3.201897,16.53996,-4.789566,1.499992,338.6,2.668957E-08
12.70181,-3.201897,16.53996,-4.789566,1.499992,342.1,2.668957E-08
12.74931,-3.201897,16.53996,-4.789566,1.499992,346.5,-1.334479E-08
12.79775,-3.201897,16.53996,-4.789566,0.6999924,349.5,-6.670605E-09
12.84105,-3.201897,16.53996,-4.789566,359.9,352.8,0
12.89141,-3.201897,16.53996,-4.789566,359.7,354.4,-1.66755E-09
12.93658,-3.216002,16.564,-4.632013,359.7,355,8.337747E-10
12.98484,-3.228284,16.60016,-4.39507,359.9,357.1,0
13.03088,-3.228284,16.62429,-4.236901,0.6999925,2.66293E-06,0
13.0762,-3.22066,16.6484,-4.078912,1.499993,2.700003,3.336196E-09
13.12396,-3.202881,16.68451,-3.84231,1.599992,4.200003,0
13.16965,-3.190183,16.70857,-3.68464,1.599992,4.500003,0
13.22661,-3.171136,16.74466,-3.448135,1.599992,4.500003,0
13.28221,-3.156187,16.76869,-3.290658,1.599993,5.300002,0
13.33556,-3.129971,16.80468,-3.054824,1.599993,6.200003,0
13.38733,-3.129971,16.80468,-3.054824,1.599993,6.200003,0
13.44009,-3.129971,16.80468,-3.054824,1.599993,6.200003,0
13.48715,-3.103754,16.84066,-2.81899,1.599993,6.200003,0
13.53211,-3.086277,16.86465,-2.661767,1.599993,6.200003,0
13.57973,-3.068238,16.88864,-2.504607,1.599992,6.400002,0
13.6253,-3.038656,16.92457,-2.269162,1.399993,7.000003,0
13.67151,-3.015297,16.94844,-2.112688,1.399993,8.300003,6.672098E-09
13.71661,-2.989428,16.97226,-1.9566,1.399993,9.200004,0
13.76361,-2.946868,17.00789,-1.723107,1.399993,10.1,0
13.80885,-2.917384,17.03161,-1.567647,1.399993,10.5,0
13.85557,-2.882923,17.05519,-1.41319,1.499993,12.3,1.334479E-08
13.90196,-2.844067,17.0786,-1.259755,1.899993,13.9,-2.66951E-08
13.94739,-2.777208,17.11337,-1.031894,2.699993,16,-2.671008E-08
13.99448,-2.725911,17.13623,-0.8820742,3.399992,18.50001,5.345494E-08
14.04001,-2.668784,17.15878,-0.7343307,3.699992,20.7,5.347231E-08
14.08676,-2.577595,17.19227,-0.5148699,3.899992,22.1,5.34847E-08
14.13247,-2.512661,17.21432,-0.3703121,4.199993,23.7,5.350454E-08
14.17937,-2.438608,17.23572,-0.2301033,4.599992,27.3,0
14.22443,-2.316844,17.26731,-0.02565251,5.099993,30.20001,1.071459E-07
14.27109,-2.316844,17.26731,-0.02565251,5.199993,31.20001,0
14.31584,-2.316844,17.26731,-0.02565251,5.199993,31.3,1.071627E-07
14.36361,-2.316844,17.26731,-0.02565251,5.199993,31.3,1.071627E-07
14.4091,-2.316844,17.26731,-0.02565251,5.199993,31.3,1.071627E-07
14.45701,-2.316844,17.26731,-0.02565251,5.199994,31.40001,0
14.50266,-2.316844,17.26731,-0.02565251,5.199993,31.90001,-1.071627E-07
14.54819,-2.180428,17.29855,0.1693209,5.199993,34.3,-1.071627E-07
14.59461,-2.08719,17.31912,0.2977092,5.199993,35.30001,-1.071627E-07
14.6397,-1.982006,17.33638,0.4054047,5.199993,35.30001,-1.071627E-07
14.68649,-1.793723,17.3538,0.51411,5.199993,35.30001,-1.071627E-07
14.73236,-1.668201,17.36541,0.5865803,5.199993,35.30001,-1.071627E-07
14.77948,-1.542606,17.37707,0.65939,5.199993,35.50001,0
14.82398,-1.352879,17.39496,0.7710203,5.199993,36.90001,1.071627E-07
14.87059,-1.225674,17.40682,0.8450623,5.199993,37.30001,-1.071627E-07
14.91554,-1.09821,17.41862,0.9186547,5.199993,37.30001,-1.071627E-07
14.96265,-0.9707451,17.43041,0.992246,5.199993,37.30001,-1.071627E-07
15.00793,-0.7795483,17.44809,1.102634,5.199993,37.30001,-1.071627E-07
15.0546,-0.6520838,17.45988,1.176226,5.199993,37.30001,-1.071627E-07
15.09954,-0.524619,17.47168,1.249818,5.199993,37.30001,-1.071627E-07
15.14582,-0.3334221,17.48936,1.360205,5.199993,37.30001,-1.071627E-07
15.18984,-0.2059575,17.50116,1.433797,5.199993,37.30001,-1.071627E-07
15.23654,-0.07849285,17.51295,1.507389,5.199993,37.30001,-1.071627E-07
15.28122,0.04887836,17.52473,1.580927,5.199993,37.20001,2.143255E-07
15.32663,0.2399352,17.5424,1.691234,5.199993,37.20001,2.143255E-07
15.37362,0.3670239,17.55416,1.764608,5.199993,36.90001,0
15.41584,0.4938265,17.56589,1.837818,5.299994,36.60001,0
15.46395,0.6825617,17.58335,1.946784,5.299993,35.60001,-1.071799E-07
15.50888,0.8080837,17.59496,2.019254,5.299993,35.30001,1.071799E-07
15.55559,0.933411,17.60682,2.093283,5.299993,35.30001,1.071799E-07
15.60116,1.046293,17.62379,2.199169,5.299994,34.70002,2.143598E-07
15.64816,1.046293,17.62379,2.199169,5.299993,33.80001,0
15.69266,1.141251,17.64389,2.324653,5.299993,32.40001,-1.071799E-07
15.73805,1.292474,17.65764,2.410436,4.999993,28.90001,0
15.78155,1.357471,17.68077,2.554798,4.299993,23.70001,-5.351148E-08
15.82658,1.442459,17.71628,2.776419,3.799993,20.50001,0
15.87,1.493809,17.74025,2.926047,3.299993,18.50001,5.344948E-08
15.91318,1.539513,17.76451,3.077449,3.099992,16.40001,0
15.95339,1.575666,17.78917,3.231348,2.499993,12.90001,0
15.99504,1.60268,17.81412,3.387065,1.599993,9.60001,0
16.03489,1.60268,17.81412,3.387065,0.8999928,7.400012,6.67093E-09
16.07519,1.60268,17.81412,3.387065,0.7999926,6.800011,-3.335379E-09
16.11614,1.60268,17.81412,3.387065,0.6999928,6.400011,0
16.15831,1.60268,17.81412,3.387065,0.6999928,5.700011,0
16.19856,1.60268,17.81412,3.387065,0.4999928,5.300011,1.66759E-09
16.23949,1.60268,17.81412,3.387065,0.3999929,4.900011,1.667567E-09
16.28125,1.60268,17.81412,3.387065,0.1999928,3.700011,4.168842E-10
16.32113,1.60268,17.81412,3.387065,359.8,0.5000109,5.211052E-11
16.36302,1.60268,17.81412,3.387065,359.3,357.7,1.667651E-09
16.40336,1.60268,17.81412,3.387065,359.1,355.9,3.335464E-09
16.444,1.60268,17.81412,3.387065,359.1,355.4,3.335465E-09
16.486,1.60268,17.81412,3.387065,359.1,355.4,3.335465E-09
16.52631,1.60268,17.81412,3.387065,359.5,354.4,1.66759E-09
16.56727,1.60268,17.81412,3.387065,359.7,351.3,1.66755E-09
16.60936,1.60268,17.81412,3.387065,359.7,347.1,3.335099E-09
16.64898,1.60268,17.81412,3.387065,359.7,345.6,3.335099E-09
16.68992,1.60268,17.81412,3.387065,359.7,345.6,3.335099E-09
16.73157,1.60268,17.81412,3.387065,359.7,345.6,3.335099E-09
16.77213,1.60268,17.81412,3.387065,359.7,345.6,3.335099E-09
16.81393,1.60268,17.81412,3.387065,359.7,345.3,0
16.85418,1.60268,17.81412,3.387065,359.5,342.6,0
16.89514,1.60268,17.81412,3.387065,358.7,337.9,2.66873E-08
16.93655,1.60268,17.81412,3.387065,358.2,335.3,-2.66936E-08
16.97742,1.60268,17.81412,3.387065,358.2,335.3,-2.66936E-08
17.01751,1.535119,17.83707,3.530275,358.2,335.3,-2.66936E-08
17.05968,1.467559,17.86001,3.673485,358.2,335.3,-2.66936E-08
17.09944,1.399999,17.88296,3.816695,358.2,335.3,-2.66936E-08
17.14133,1.332439,17.90562,3.959905,358.2,335.3,-2.66936E-08
17.18247,1.264943,17.92751,4.103312,358.2,335.3,-2.66936E-08
17.22373,1.1637,17.96033,4.318421,358.2,335.3,-2.66936E-08
17.26416,1.096204,17.98221,4.461828,358.2,335.3,-2.66936E-08
17.30379,1.028708,18.0041,4.605235,358.2,335.3,-2.66936E-08
17.34475,0.9612129,18.02598,4.748641,358.2,335.3,-2.66936E-08
17.38624,0.8937173,18.04786,4.892048,358.2,335.3,-2.66936E-08
17.42664,0.8262217,18.06975,5.035455,358.2,335.3,-2.66936E-08
17.46755,0.7587261,18.09163,5.178861,358.2,335.3,-2.66936E-08
17.50954,0.6912305,18.11352,5.322268,358.2,335.3,-2.66936E-08
17.54845,0.623735,18.1354,5.465674,358.2,335.3,-2.66936E-08
17.58995,0.5562394,18.15728,5.609081,358.2,335.3,-2.66936E-08
17.63094,0.4872172,18.17906,5.751776,358.2,334.7,0
17.67079,0.4116741,18.20033,5.891205,358,332.1,0
17.71286,0.3326865,18.22132,6.028757,357.8,330.7,0
17.75349,0.2536988,18.24231,6.166308,357.8,330.7,0
17.79464,0.1747112,18.2633,6.303859,357.8,330.7,0
17.83741,0.09547935,18.28427,6.441273,357.8,330.6,0
17.87694,0.01261564,18.30492,6.576578,357.7,329.1,-5.340387E-08
17.91757,-0.0766343,18.32495,6.707853,357.3,326.4,0
17.95938,-0.1695722,18.3446,6.836603,357,324.8,5.343408E-08
17.99353,-0.1695722,18.3446,6.836603,356.9,324.5,0
18.02135,-0.1695722,18.3446,6.836603,356.9,324.5,0
18.04746,-0.1695722,18.3446,6.836603,356.9,324.5,0
18.07409,-0.1695722,18.3446,6.836603,356.9,324.5,0
18.09946,-0.1695722,18.3446,6.836603,356.9,324.5,0
18.12701,-0.2631934,18.36417,6.964868,356.9,324.5,0
18.15358,-0.310004,18.37396,7.029001,356.9,324.5,0
18.1789,-0.3568146,18.38375,7.093133,356.9,324.5,0
18.2062,-0.4819993,18.39389,7.159592,356.9,324.5,0
18.23208,-0.5451038,18.3988,7.191818,356.9,324.5,0
18.25794,-0.6082084,18.40372,7.224045,356.9,324.5,0
18.28523,-0.7344175,18.41356,7.288497,356.9,324.5,0
18.31095,-0.797522,18.41847,7.320724,356.9,324.5,0
18.33804,-0.8606266,18.42339,7.352951,356.9,324.5,0
18.36399,-0.9868357,18.43323,7.417403,356.9,324.5,0
18.39119,-1.04994,18.43814,7.449629,356.9,324.5,0
18.41691,-1.04994,18.43814,7.449629,356.9,324.5,0
18.44408,-1.04994,18.43814,7.449629,356.9,324.5,0
18.47014,-1.04994,18.43814,7.449629,356.9,324.5,0
18.49723,-1.04994,18.43814,7.449629,356.9,324.5,0
18.52287,-1.04994,18.43814,7.449629,356.9,324.5,0
18.54943,-1.04994,18.43814,7.449629,356.9,324.5,0
18.57561,-1.04994,18.43814,7.449629,356.9,324.5,0
18.60133,-1.04994,18.43814,7.449629,356.9,324.5,0
18.62831,-1.04994,18.43814,7.449629,356.9,324.5,0
18.65426,-1.04994,18.43814,7.449629,356.9,324.5,0
18.68091,-1.04994,18.43814,7.449629,356.9,324.5,0
18.70992,-1.04994,18.43814,7.449629,356.9,324.5,0
18.73516,-1.04994,18.43814,7.449629,356.9,324.5,0
18.76099,-1.04994,18.43814,7.449629,356.9,324.5,0
18.78824,-1.04994,18.43814,7.449629,357.1,324.4,5.342928E-08
18.8145,-1.113045,18.44308,7.481997,357.8,324.4,5.340022E-08
18.84037,-1.176092,18.448,7.514194,358.6,324.6,2.668839E-08
18.8668,-1.301955,18.45781,7.57847,359.5,324.8,1.334072E-08
18.89278,-1.364829,18.46271,7.610579,359.8,324.9,0
18.91954,-1.427703,18.46761,7.642687,359.8,324.9,0
18.94614,-1.55345,18.4774,7.706904,359.8,324.9,0
18.97333,-1.616324,18.4823,7.739013,359.8,324.9,0
18.99932,-1.679198,18.48721,7.771121,359.8,324.9,0
19.02622,-1.80436,18.49696,7.835039,359.9,325.4,3.335058E-09
19.04912,-1.866703,18.50182,7.866877,359.7,325.8,0
19.06982,-1.928986,18.50667,7.898684,359.7,325.9,6.670198E-09
19.09628,-1.991149,18.51148,7.930429,359.6,326.1,1.334054E-08
19.12344,-2.052964,18.51663,7.961997,359.3,326.7,0
19.15012,-2.175661,18.52667,8.024656,359,327.4,0
19.17719,-2.23682,18.53168,8.055889,359,327.7,0
19.20305,-2.297006,18.5366,8.086625,359,329.2,-2.668449E-08
19.23033,-2.414788,18.54624,8.146774,359.2,331.1,0
19.25727,-2.471949,18.55091,8.175966,359.6,333.5,-1.334054E-08
19.2844,-2.580374,18.55979,8.231337,0.09999286,337.3,0
19.31124,-2.631912,18.564,8.257656,0.5999929,340.5,-6.670472E-09
19.33853,-2.682091,18.56907,8.289242,1.099993,344,1.334267E-08
19.36856,-2.776785,18.58314,8.37711,1.599993,347.8,-1.334542E-08
19.40079,-2.818102,18.59249,8.43541,1.599993,350.2,0
19.43565,-2.8808,18.61419,8.570871,1.599993,354,-6.672708E-09
19.47578,-2.912814,18.63819,8.720641,1.599993,356.1,0
19.51914,-3.016561,18.65949,8.853631,1.599993,356.6,0
19.55945,-3.025888,18.68476,9.011348,1.499993,356.7,0
19.59583,-3.035216,18.71004,9.169064,1.499993,356.7,0
19.63369,-3.044543,18.73531,9.32678,1.499993,356.7,0
19.6719,-3.05387,18.76058,9.484496,1.499993,356.7,0
19.70979,-3.063198,18.78585,9.642213,1.499993,356.7,0
19.7489,-3.063198,18.78585,9.642213,1.499993,356.7,0
19.78808,-3.063198,18.78585,9.642213,1.499993,356.7,0
19.82765,-3.063198,18.78585,9.642213,1.499993,356.7,0
19.86687,-3.063198,18.78585,9.642213,1.499993,356.7,0
19.90693,-3.072525,18.81112,9.799929,1.499993,356.7,0
19.94487,-3.081852,18.83639,9.957645,1.499993,356.7,0
19.98403,-3.085246,18.8617,10.11559,2.099993,358.8,-1.668647E-09
20.02337,-3.081712,18.87434,10.19451,3.199993,2.500008,0
20.06205,-3.059165,18.8994,10.35092,4.199994,8.000008,2.675227E-08
20.10302,-3.028816,18.92426,10.50603,4.599993,10.80001,0
20.14385,-2.979552,18.96142,10.73797,4.599993,11.70001,0
20.18428,-2.944777,18.98612,10.89217,4.099993,12.40001,0
20.22518,-2.909726,19.01082,11.04632,3.999993,12.50001,0
20.26553,-2.874124,19.0355,11.20035,3.899993,12.70001,2.674235E-08
20.30576,-2.838522,19.06018,11.35437,3.899993,12.70001,2.674235E-08
20.34675,-2.802644,19.08485,11.50833,3.899993,12.80001,0
20.3875,-2.766767,19.10952,11.66229,3.899993,12.80001,0
20.42665,-2.73089,19.13419,11.81626,3.899993,12.80001,0
20.46762,-2.69483,19.15836,11.96936,3.899993,12.80001,0
20.50869,-2.658992,19.18189,12.12351,3.899993,12.80001,0
20.54762,-2.623155,19.20541,12.27766,3.899993,12.80001,0
20.58769,-2.587317,19.22893,12.43181,3.899993,12.80001,0
20.62973,-2.551479,19.25245,12.58596,3.899993,12.80001,0
20.6695,-2.515642,19.27598,12.74011,3.899993,12.80001,0
20.70903,-2.515642,19.27598,12.74011,3.699993,13.30001,-5.347231E-08
20.74969,-2.515642,19.27598,12.74011,3.699993,15.50001,0
20.79082,-2.515642,19.27598,12.74011,4.099994,19.20001,0
20.83151,-2.515642,19.27598,12.74011,4.199993,20.90001,-5.350454E-08
20.87161,-2.515642,19.27598,12.74011,4.199993,20.90001,-5.350454E-08
20.91111,-2.515642,19.27598,12.74011,4.199994,21.10001,-5.350454E-08
20.95218,-2.515642,19.27598,12.74011,4.199994,21.70001,5.350454E-08
20.99291,-2.515642,19.27598,12.74011,3.999994,23.10001,0
21.0327,-2.515642,19.27598,12.74011,3.499994,25.20001,5.346056E-08
21.07328,-2.515642,19.27598,12.74011,2.899993,27.00001,0
21.11376,-2.515642,19.27598,12.74011,2.699993,27.60001,5.342015E-08
21.15332,-2.515642,19.27598,12.74011,2.599993,27.70001,0
21.19518,-2.515642,19.27598,12.74011,2.599993,27.70001,0
21.23482,-2.515642,19.27598,12.74011,1.999993,28.40001,-5.339338E-08
21.27589,-2.515642,19.27598,12.74011,1.199993,29.20001,-5.337255E-08
21.3161,-2.515642,19.27598,12.74011,0.1999929,30.60001,0
21.35557,-2.515642,19.27598,12.74011,359.6,31.60001,6.670268E-09
21.39664,-2.431103,19.29647,12.8744,359.6,31.60001,6.670268E-09
21.4368,-2.346565,19.31696,13.00869,359.6,31.60001,6.670268E-09
21.47703,-2.262026,19.33745,13.14298,359.6,31.60001,6.670268E-09
21.5164,-2.177488,19.35794,13.27726,359.6,31.60001,6.670268E-09
21.55725,-2.092949,19.37844,13.41155,359.6,31.60001,6.670268E-09
21.59639,-2.008411,19.39893,13.54584,359.6,31.60001,6.670268E-09
21.63542,-1.923872,19.41942,13.68013,359.6,31.60001,6.670268E-09
21.67417,-1.839334,19.43991,13.81442,359.6,31.60001,6.670268E-09
21.71049,-1.756711,19.46058,13.94987,358.3,30.80001,0
21.74704,-1.674087,19.48125,14.08531,358.3,30.80001,0
21.78136,-1.632775,19.49159,14.15304,358.3,30.80001,0
21.82242,-1.550152,19.51225,14.28849,358.3,30.80001,0
21.86235,-1.467529,19.53292,14.42393,358.3,30.80001,0
21.90196,-1.384905,19.55359,14.55938,358.3,30.80001,0
21.94242,-1.291866,19.57151,14.67679,358.3,30.80001,0
21.98401,-1.110938,19.58745,14.78125,358.3,30.80001,0
22.02548,-0.9907961,19.59803,14.85061,358.5,30.40001,-2.668957E-08
22.06818,-0.871136,19.60858,14.9197,358.8,30.00001,-5.337255E-08
22.11019,-0.7513547,19.61913,14.98885,359.1,30.10001,0
22.15583,-0.6315734,19.62968,15.05801,359.1,30.10001,0
22.19994,-0.5117922,19.64024,15.12716,359.1,30.10001,0
22.24582,-0.3321203,19.65606,15.2309,359.1,30.10001,0
22.28913,-0.2123391,19.66662,15.30005,359,30.10001,0
22.33518,-0.09231684,19.67719,15.36935,358.6,30.30001,0
22.37872,0.02782537,19.68778,15.43871,358.5,30.40001,0
22.42424,0.2082181,19.70367,15.54286,358.4,30.5,2.669083E-08
22.4682,0.3284799,19.71427,15.6123,358.4,30.5,2.669083E-08
22.51243,0.4487416,19.72486,15.68173,358.4,30.5,2.669083E-08
22.55698,0.5690035,19.73546,15.75116,358.4,30.5,2.669083E-08
22.60111,0.6892652,19.74605,15.8206,358.4,30.5,2.669083E-08
22.64627,0.8689371,19.76188,15.92433,358.4,30.10001,0
22.69041,0.9870982,19.77282,15.99255,358.4,28.8,-2.669083E-08
22.73602,0.9870982,19.77282,15.99255,358.4,25.50001,-2.669083E-08
22.78069,0.9870982,19.77282,15.99255,358.4,23.3,-2.669083E-08
22.82554,0.9870982,19.77282,15.99255,358.4,22.2,2.669083E-08
22.87026,0.9870982,19.77282,15.99255,358.5,20.00001,0
22.9149,0.9870982,19.77282,15.99255,358.5,17.10001,-1.334479E-08
22.96019,0.9870982,19.77282,15.99255,358.5,10.8,0
23.00467,0.9870982,19.77282,15.99255,358.5,3.800004,0
23.05141,0.9870982,19.77282,15.99255,358.7,357,0
23.09657,0.9870982,19.77282,15.99255,359,353.2,0
23.14079,0.9870982,19.77282,15.99255,357.1,351,0
23.17664,0.9870982,19.77282,15.99255,357.1,351,0
23.21161,0.9870982,19.77282,15.99255,357.1,351,0
23.24089,0.9870982,19.77282,15.99255,357.1,351,0
23.27052,0.9870982,19.77282,15.99255,357.1,351,0
23.30054,0.9870982,19.77282,15.99255,357.1,351,0
23.33055,0.9870982,19.77282,15.99255,357.1,351,0
23.36069,0.9870982,19.77282,15.99255,357.1,351,0
23.39083,0.9870982,19.77282,15.99255,357.1,351,0
23.42033,0.9870982,19.77282,15.99255,357.1,351,0
23.45034,0.9870982,19.77282,15.99255,357.1,351,0
23.48057,0.9870982,19.77282,15.99255,357.1,351,0
23.5108,0.9870982,19.77282,15.99255,357.1,351,0
23.54056,0.9870982,19.77282,15.99255,357.1,351,0
23.57054,0.9870982,19.77282,15.99255,357.1,351,0
23.60072,0.9870982,19.77282,15.99255,357.1,351,0
23.63055,0.9870982,19.77282,15.99255,357.1,351,0
23.6605,0.9870982,19.77282,15.99255,357.1,351,0
23.69076,0.9870982,19.77282,15.99255,357.1,351,0
23.72038,1.011916,19.77518,16.00725,357.1,351,0
23.75042,1.069234,19.78186,16.04895,357.1,351,0
23.78057,1.101086,19.78649,16.07781,357.1,351,0
23.81094,1.16444,19.79568,16.13523,357,350.8,2.671704E-08
23.84078,1.197148,19.80121,16.16973,356.9,350.7,0
23.87255,1.260958,19.81618,16.26317,356.9,350.7,0
23.90247,1.287504,19.82587,16.32362,356.9,350.7,0
23.93249,1.324587,19.83699,16.46252,356.9,350.7,0
23.96248,1.330819,19.83699,16.53888,356.9,350.7,0
23.99283,1.307534,19.88556,16.69616,356.9,350.8,0
24.02259,1.294585,19.89805,16.77411,356.9,350.8,0
24.05156,1.268686,19.92303,16.93001,356.9,350.8,0
24.08154,1.255737,19.93552,17.00796,356.9,350.8,0
24.11138,1.229838,19.9605,17.16386,356.9,350.8,0
24.14116,1.216889,19.97299,17.24181,356.9,350.8,0
24.17101,1.190154,19.99795,17.39757,356.9,350.5,-2.671952E-08
24.20166,1.175256,20.01038,17.47519,356.7,349.4,0
24.22927,1.139379,20.03505,17.62915,356.7,347.2,0
24.25743,1.117747,20.04724,17.7052,356.3,344.5,-5.347231E-08
24.28629,1.064531,20.07111,17.85419,355.7,340.8,5.351148E-08
24.31772,1.034888,20.08286,17.92756,355.5,338.5,5.352586E-08
24.34007,1.001236,20.09435,17.99922,355,335.4,0
24.36346,0.965428,20.10567,18.06986,355,333.7,0
24.38853,0.8978255,20.12803,18.20944,355,332.7,0
24.41341,0.900283,20.13892,18.27739,355,332.2,0
24.44058,0.8876055,20.15048,18.34958,355,331.6,0
24.46485,0.8614557,20.15048,18.49524,355,330.9,-1.071294E-07
24.47992,0.8614557,20.15048,18.49524,355,330.4,1.071294E-07
24.49326,0.8214394,20.15048,18.56365,355,330.3,1.071294E-07
24.51001,0.7830865,20.19603,18.63385,355,330,1.071294E-07
24.52645,0.7423424,20.20692,18.70183,355,329.7,0
24.54304,0.7423424,20.20692,18.70183,355,329.5,0
24.55959,0.7013566,20.21779,18.76967,355,329.5,0
24.57631,0.660371,20.22866,18.83751,355,329.5,0
24.5931,0.6193854,20.23953,18.90535,355,329.5,0
24.60969,0.5783997,20.2504,18.97319,355,329.5,0
24.62607,0.537414,20.26127,19.04103,355,329.5,0
24.64279,0.537414,20.26127,19.04103,355,329.5,0
24.65943,0.4963078,20.27213,19.10879,355,329.4,-1.071294E-07
24.67587,0.4552016,20.28299,19.17656,355,329.4,-1.071294E-07
24.69258,0.4140953,20.29385,19.24433,355,329.4,-1.071294E-07
24.70931,0.3729891,20.3047,19.31209,355,329.4,-1.071294E-07
24.72592,0.3318828,20.31556,19.37986,355,329.4,-1.071294E-07
24.74222,0.3318828,20.31556,19.37986,355,329.4,-1.071294E-07
24.75896,0.2907766,20.32642,19.44763,355,329.4,-1.071294E-07
24.77551,0.2496703,20.33728,19.51539,355,329.4,-1.071294E-07
24.79592,0.2085641,20.34813,19.58316,355,329.4,-1.071294E-07
24.81334,0.1670969,20.35896,19.65071,355.2,329.1,1.070973E-07
24.82872,0.1253898,20.36976,19.71812,355.4,328.9,0
24.84563,0.08356288,20.38055,19.78546,355.6,328.8,0
24.86224,0.08356288,20.38055,19.78546,355.8,328.8,0
24.87892,0.04161629,20.39133,19.85272,356.1,328.7,-1.069694E-07
24.89528,-0.0003302731,20.4021,19.91998,356.2,328.7,-1.069569E-07
24.91097,-0.04228592,20.41239,19.98722,356.4,328.7,0
24.92684,-0.08419707,20.42266,20.05458,356.7,328.7,0
24.94348,-0.08419707,20.42266,20.05458,357,328.6,5.343408E-08
24.96018,-0.1262277,20.43293,20.12187,357.3,328.6,0
24.97637,-0.1682584,20.4432,20.18917,357.5,328.6,5.341169E-08
24.99308,-0.210289,20.45347,20.25645,358,328.6,5.339338E-08
25.00972,-0.2523196,20.46374,20.32375,358.5,328.6,2.668957E-08
25.02632,-0.2943503,20.474,20.39104,358.9,328.6,0
25.04293,-0.2943503,20.474,20.39104,359.2,328.7,1.334151E-08
25.05957,-0.3361418,20.48429,20.45847,359.4,328.8,1.334095E-08
25.07638,-0.3779334,20.49459,20.52591,359.5,328.8,0
25.09274,-0.4197249,20.50488,20.59334,359.7,328.8,0
25.10939,-0.4613967,20.51518,20.66085,-7.705206E-06,328.9,0
25.12579,-0.5029485,20.52549,20.72843,0.3999924,329,1.334054E-08
25.14256,-0.5029485,20.52549,20.72843,0.6999922,329,0
25.15909,-0.5445004,20.5358,20.79601,0.9999923,329,-2.668449E-08
25.17582,-0.5859323,20.54613,20.86366,1.199992,329.1,-2.668628E-08
25.19277,-0.6273642,20.55645,20.93132,1.399992,329.1,-2.668839E-08
25.20933,-0.6687961,20.56677,20.99897,1.499992,329.1,0
25.22593,-0.7102279,20.5771,21.06662,1.499992,329.1,0
25.24244,-0.7102279,20.5771,21.06662,1.499992,329.1,0
25.25933,-0.7516598,20.58742,21.13427,1.499992,329.1,0
25.2757,-0.7930917,20.59775,21.20193,1.499992,329.1,0
25.29233,-0.8345236,20.60807,21.26958,1.499992,329.1,0
25.30895,-0.8759554,20.61839,21.33723,1.499992,329.1,0
25.32582,-0.9173873,20.62872,21.40488,1.499992,329.1,0
25.34284,-0.9173873,20.62872,21.40488,1.499992,329.1,0
25.35991,-0.9173873,20.62872,21.40488,1.499992,329.1,0
25.3798,-0.9173873,20.62872,21.40488,1.499992,329.1,0
25.39591,-0.9173873,20.62872,21.40488,1.499992,329.1,0
25.41266,-0.9173873,20.62872,21.40488,1.499992,329.1,0
25.42879,-0.9173873,20.62872,21.40488,1.499992,329.1,0
25.44572,-0.9173873,20.62872,21.40488,1.499992,329.1,0
25.45811,-0.9173873,20.62872,21.40488,1.499992,329.1,0
25.4748,-0.9173873,20.62872,21.40488,1.499992,329.1,0
25.49116,-0.9173873,20.62872,21.40488,1.499992,329.1,0
25.50792,-0.9173873,20.62872,21.40488,1.499992,329.1,0
25.52476,-0.9173873,20.62872,21.40488,1.599992,329.1,2.669083E-08
25.54143,-0.9173873,20.62872,21.40488,1.899992,329.1,5.339021E-08
25.55798,-0.9173873,20.62872,21.40488,2.099993,329.2,-5.339671E-08
25.57459,-0.9173873,20.62872,21.40488,2.299993,329.4,0
25.59146,-0.9173873,20.62872,21.40488,2.599993,329.5,0
25.60787,-0.9173873,20.62872,21.40488,2.899993,329.7,-5.342928E-08
25.62445,-0.9173873,20.62872,21.40488,2.899993,329.7,-5.342928E-08
25.64126,-0.9173873,20.62872,21.40488,2.999993,329.7,-5.343408E-08
25.65795,-0.9173873,20.62872,21.40488,2.999993,329.7,-5.343408E-08
25.67487,-0.9173873,20.62872,21.40488,2.999993,329.7,-5.343408E-08
25.69115,-0.9173873,20.62872,21.40488,2.999993,329.7,-5.343408E-08
25.70804,-0.9173873,20.62872,21.40488,2.999993,329.7,-5.343408E-08
25.72469,-0.9173873,20.62872,21.40488,2.999993,329.7,-5.343408E-08
25.7415,-0.9173873,20.62872,21.40488,2.999993,329.7,-5.343408E-08
25.75796,-0.9580963,20.6391,21.47296,2.999993,329.7,-5.343408E-08
25.77476,-0.9988053,20.64949,21.54104,2.999993,329.7,-5.343408E-08
25.7915,-1.048656,20.65713,21.59105,3.099993,329.8,0
25.80802,-1.108452,20.66179,21.62159,3.099993,329.8,0
25.82463,-1.168248,20.66644,21.65213,3.099993,329.8,0
25.84107,-1.168248,20.66644,21.65213,3.099993,329.8,0
25.85777,-1.228045,20.67111,21.68266,3.099993,329.8,0
25.87476,-1.287841,20.67576,21.7132,3.099993,329.8,0
25.89113,-1.347638,20.68042,21.74374,3.099993,329.8,0
25.90824,-1.407434,20.68509,21.77428,3.099993,329.8,0
25.92474,-1.46723,20.68974,21.80481,3.099993,329.8,0
25.94126,-1.46723,20.68974,21.80481,3.099993,329.8,0
25.95799,-1.527027,20.6944,21.83535,3.099993,329.8,0
25.97437,-1.586823,20.69906,21.86589,3.099993,329.8,0
25.99101,-1.64662,20.70372,21.89643,3.099993,329.8,0
26.00803,-1.706416,20.70838,21.92696,3.099993,329.8,0
26.02475,-1.766213,20.71305,21.9575,3.099993,329.8,0
26.0418,-1.766213,20.71305,21.9575,3.099993,329.8,0
26.05787,-1.826009,20.7177,21.98804,3.099993,329.8,0
26.07475,-1.885806,20.72236,22.01857,3.099993,329.8,0
26.09111,-1.945602,20.72702,22.04911,3.099993,329.8,0
26.10795,-2.005398,20.73168,22.07965,3.099993,329.8,0
26.12467,-2.06506,20.73633,22.11012,2.999993,330,-5.343408E-08
26.14152,-2.06506,20.73633,22.11012,2.899993,330.2,5.342927E-08
26.15818,-2.124379,20.74096,22.14041,2.799994,330.5,0
26.17903,-2.183213,20.74554,22.17046,2.699994,331.2,5.342015E-08
26.19673,-2.241593,20.75065,22.20395,2.699993,332.3,0
26.21232,-2.29715,20.75774,22.25037,2.699994,333,0
26.22872,-2.346444,20.7666,22.30848,2.699993,334,-5.342015E-08
26.24387,-2.387517,20.77682,22.37542,2.899993,335.1,1.068586E-07
26.26079,-2.387517,20.77682,22.37542,2.999993,336.4,0
26.27719,-2.421486,20.78773,22.4469,3.099993,337.5,5.343906E-08
26.29394,-2.451471,20.79891,22.5202,3.099993,338.7,5.343905E-08
26.31033,-2.482431,20.81002,22.59302,3.199993,339.8,-5.344418E-08
26.32708,-2.508613,20.82143,22.66775,3.499994,341.1,0
26.34382,-2.608809,20.82252,22.71868,3.599993,342.4,5.346636E-08
26.36044,-2.608809,20.82252,22.71868,3.599994,343.8,5.346635E-08
26.37702,-2.62892,20.84088,22.79522,3.799994,345.6,0
26.39394,-2.647663,20.85261,22.87211,3.899993,346.6,0
26.41034,-2.665582,20.86437,22.94918,3.899994,347.2,2.674235E-08
26.4268,-2.683363,20.87614,23.02629,3.899993,347.3,2.674236E-08
26.44335,-2.683363,20.87614,23.02629,3.899993,347.3,2.674236E-08
26.47633,-2.718926,20.89967,23.1805,3.899993,347.3,2.674236E-08
26.49306,-2.736156,20.91146,23.25773,3.899993,347.7,0
26.50974,-2.752421,20.92327,23.33516,3.999995,348.4,-2.674557E-08
26.52619,-2.76744,20.93513,23.41284,4.099994,349.3,-2.674888E-08
26.5429,-2.76744,20.93513,23.41284,4.299993,350.4,-2.675574E-08
26.55984,-2.779399,20.94706,23.49104,4.499993,351.5,0
26.57643,-2.78968,20.95903,23.56946,4.799994,352.7,0
26.59286,-2.797857,20.97103,23.64813,5.299994,354.2,0
26.60931,-2.80505,20.98305,23.7269,5.499993,354.9,0
26.62622,-2.811821,20.99508,23.8057,5.499993,355.2,-2.680383E-08
26.6594,-2.818593,21.0071,23.8845,5.499993,355.2,-2.680383E-08
26.67607,-2.825364,21.01943,23.9633,5.499993,355.2,-2.680383E-08
26.69261,-2.832143,21.03205,24.04201,5.499993,355.2,-2.680383E-08
26.70906,-2.838922,21.04465,24.12072,5.499993,355.2,-2.680383E-08
26.72582,-2.845701,21.05727,24.19943,5.499993,355.2,-2.680383E-08
26.74261,-2.845701,21.05727,24.19943,5.499993,355.2,-2.680383E-08
26.75904,-2.85248,21.06988,24.27813,5.499993,355.2,-2.680383E-08
26.77583,-2.859259,21.08249,24.35684,5.499993,355.2,-2.680383E-08
26.79265,-2.866038,21.0951,24.43555,5.499993,355.2,-2.680383E-08
26.80916,-2.872817,21.10771,24.51426,5.499993,355.2,-2.680383E-08
26.82584,-2.879596,21.12032,24.59297,5.499993,355.2,-2.680383E-08
26.84255,-2.879596,21.12032,24.59297,5.499993,355.2,-2.680383E-08
26.85908,-2.886375,21.13293,24.67168,5.499993,355.2,-2.680383E-08
26.87562,-2.893154,21.14555,24.75038,5.499993,355.2,-2.680383E-08
26.89228,-2.899933,21.15816,24.82909,5.499993,355.2,-2.680383E-08
26.9091,-2.906571,21.17077,24.90781,5.499993,355.3,2.680383E-08
26.92553,-2.912927,21.18339,24.98656,5.599993,355.5,-1.340419E-08
26.94229,-2.912927,21.18339,24.98656,5.799994,355.9,-1.340886E-08
26.95882,-2.917873,21.19602,25.0654,5.999993,356.5,0
26.97552,-2.921831,21.20866,25.14429,6.099993,357.2,0
26.99228,-2.924517,21.22131,25.22324,6.399992,358.1,6.711936E-09
27.02991,-2.925365,21.24662,25.38122,6.799993,359.7,0
27.046,-2.922821,21.25927,25.46018,7.399992,1.799998,-1.345225E-08
27.06272,-2.922821,21.25927,25.46018,7.599993,2.599998,1.345844E-08
27.07927,-2.918016,21.27191,25.53903,7.599994,3.399998,0
27.09564,-2.912223,21.28453,25.61781,7.599993,4.099998,0
27.11277,-2.905726,21.29715,25.69654,7.599994,4.599998,0
27.1289,-2.898384,21.30975,25.7752,7.199993,5.199998,2.689248E-08
27.14384,-2.890479,21.32234,25.85381,6.799994,5.599998,-2.686944E-08
27.16053,-2.890479,21.32234,25.85381,6.699993,5.699998,5.372777E-08
27.17719,-2.882011,21.33493,25.93236,6.199993,5.999997,-2.68374E-08
27.1936,-2.873122,21.34751,26.01086,5.899992,6.299997,0
27.20994,-2.864092,21.36008,26.08935,5.799992,6.399998,0
27.24326,-2.855062,21.37266,26.16784,5.799992,6.399998,0
27.25957,-2.845892,21.38523,26.24631,5.799992,6.499998,0
27.27634,-2.836721,21.39781,26.32478,5.799992,6.499998,0
27.2928,-2.82727,21.41037,26.40322,5.799992,6.699998,-2.681772E-08
27.30962,-2.817118,21.42293,26.48157,5.799992,7.199999,2.681771E-08
27.3264,-2.805985,21.43546,26.5598,5.799992,7.899999,0
27.34297,-2.805985,21.43546,26.5598,5.999993,8.899999,5.365477E-08
27.35948,-2.791504,21.44791,26.63748,6.199993,10.3,-5.36748E-08
27.37624,-2.774806,21.46029,26.71474,6.399992,11.9,5.369548E-08
27.39294,-2.755084,21.47255,26.79129,6.699993,14.1,-5.372777E-08
27.40903,-2.73386,21.48476,26.86745,6.899993,15.2,0
27.42592,-2.711143,21.49689,26.94319,6.999993,16.3,0
27.44253,-2.711143,21.49689,26.94319,7.199994,17.3,0
27.45905,-2.686003,21.50891,27.01818,7.199993,18.1,0
27.47618,-2.659794,21.52087,27.09282,7.199994,18.9,1.075699E-07
27.50923,-2.605251,21.54466,27.24134,7.199994,19.7,1.075699E-07
27.53037,-2.576001,21.55644,27.31486,7.199994,21.2,1.075699E-07
27.54694,-2.545704,21.56816,27.38797,7.199994,22,1.075699E-07
27.55959,-2.545704,21.56816,27.38797,7.199994,22.3,-1.075699E-07
27.57655,-2.514757,21.57983,27.46081,7.199994,22.5,0
27.59302,-2.483162,21.59146,27.53338,7.099994,23,0
27.60955,-2.451567,21.60308,27.60596,7.099994,23,0
27.62595,-2.419842,21.6147,27.67847,7.099992,23.09999,-1.075464E-07
27.6426,-2.419842,21.6147,27.67847,6.999992,23.3,1.075232E-07
27.65933,-2.419842,21.6147,27.67847,6.899993,23.7,0
27.67596,-2.419842,21.6147,27.67847,6.799994,24.3,1.074778E-07
27.69242,-2.419842,21.6147,27.67847,6.599992,25.1,0
27.70907,-2.419842,21.6147,27.67847,6.499992,26,1.074122E-07
27.72578,-2.419842,21.6147,27.67847,6.399992,26.7,0
27.74263,-2.419842,21.6147,27.67847,6.399992,27.3,0
27.75898,-2.419842,21.6147,27.67847,6.299993,27.4,1.073701E-07
27.77539,-2.419842,21.6147,27.67847,6.199993,27.59999,0
27.79224,-2.419842,21.6147,27.67847,6.199994,27.89999,0
27.83018,-2.419842,21.6147,27.67847,5.999993,28.4,0
27.84687,-2.419842,21.6147,27.67847,5.899992,29.5,-1.0729E-07
27.85977,-2.419842,21.6147,27.67847,5.899992,30.09999,-1.0729E-07
27.87646,-2.419842,21.6147,27.67847,5.899992,30.8,0
27.8931,-2.419842,21.6147,27.67847,5.899993,31.5,0
27.90954,-2.419842,21.6147,27.67847,5.899993,32.1,0
27.92599,-2.419842,21.6147,27.67847,5.899993,32.5,0
27.94264,-2.419842,21.6147,27.67847,5.899993,32.9,0
27.95905,-2.419842,21.6147,27.67847,5.899993,33.09999,0
27.97562,-2.419842,21.6147,27.67847,5.899993,33.2,-1.0729E-07
27.99234,-2.419842,21.6147,27.67847,5.899993,33.39999,0
28.00902,-2.374833,21.62517,27.74377,5.799994,33.9,0
28.02553,-2.329476,21.63559,27.80884,5.799993,34.2,-2.145417E-07
28.04227,-2.329476,21.63559,27.80884,5.699993,34.6,1.07252E-07
28.05854,-2.283085,21.6459,27.8732,5.599993,35.09999,-1.072335E-07
28.07517,-2.236695,21.6561,27.93756,5.599993,35.09999,-1.072335E-07
28.09608,-2.190226,21.66593,28.00193,5.599995,35.19999,0
28.11306,-2.143757,21.67575,28.06631,5.599995,35.19999,0
28.12871,-2.097288,21.68557,28.13068,5.599995,35.19999,0
28.14571,-2.050819,21.6954,28.19506,5.599995,35.19999,0
28.16214,-2.050819,21.6954,28.19506,5.599995,35.19999,0
28.17899,-2.00435,21.70522,28.25943,5.599995,35.19999,0
28.19497,-1.957881,21.71504,28.3238,5.599995,35.19999,0
28.2117,-1.911412,21.72487,28.38818,5.599995,35.19999,0
28.22812,-1.864943,21.73469,28.45255,5.599995,35.19999,0
28.24435,-1.818474,21.74451,28.51693,5.599995,35.19999,0
28.26093,-1.818474,21.74451,28.51693,5.599995,35.19999,0
28.27774,-1.772005,21.75434,28.5813,5.599995,35.19999,0
28.29456,-1.725536,21.76416,28.64568,5.599995,35.19999,0
28.31052,-1.679067,21.77398,28.71005,5.599995,35.19999,0
28.32698,-1.632598,21.78381,28.77443,5.599995,35.19999,0
28.3439,-1.586129,21.79363,28.8388,5.599995,35.19999,0
28.36029,-1.586129,21.79363,28.8388,5.599995,35.19999,0
28.37667,-1.53966,21.80345,28.90318,5.599995,35.19999,0
28.39349,-1.493191,21.81328,28.96755,5.599995,35.19999,0
28.40994,-1.446722,21.8231,29.03193,5.599995,35.19999,0
28.42632,-1.400253,21.83293,29.0963,5.599995,35.19999,0
28.44324,-1.400253,21.83293,29.0963,5.599995,35.19999,0
28.45962,-1.353784,21.84275,29.16068,5.599995,35.19999,0
28.47636,-1.307315,21.85257,29.22505,5.599995,35.19999,0
28.49308,-1.260846,21.8624,29.28943,5.599995,35.19999,0
28.50958,-1.214377,21.87222,29.3538,5.599995,35.19999,0
28.52624,-1.167908,21.88204,29.41818,5.599995,35.19999,0
28.54309,-1.167908,21.88204,29.41818,5.599995,35.19999,0
28.55956,-1.121439,21.89187,29.48255,5.599995,35.19999,0
28.57623,-1.07497,21.90169,29.54693,5.599995,35.19999,0
28.59296,-1.028501,21.91151,29.6113,5.599995,35.19999,0
28.60929,-0.9820321,21.92134,29.67568,5.599995,35.19999,0
28.62609,-0.9355631,21.93116,29.74005,5.599995,35.19999,0
28.64288,-0.9355631,21.93116,29.74005,5.599995,35.19999,0
28.65916,-0.8890941,21.94098,29.80443,5.599995,35.19999,0
28.67583,-0.8426251,21.95081,29.8688,5.599995,35.19999,0
28.69236,-0.7961562,21.96063,29.93318,5.599995,35.19999,0
28.70906,-0.7496872,21.97045,29.99755,5.599995,35.19999,0
28.72564,-0.7032182,21.98028,30.06193,5.599995,35.19999,0
28.74236,-0.7032182,21.98028,30.06193,5.599995,35.19999,0
28.75892,-0.6567492,21.9901,30.1263,5.599995,35.19999,0
28.77557,-0.6102802,21.99992,30.19068,5.599995,35.19999,0
28.79184,-0.5638112,22.00975,30.25505,5.599995,35.19999,0
28.81029,-0.5173422,22.01957,30.31943,5.599995,35.19999,0
28.82947,-0.4708732,22.02939,30.3838,5.599995,35.19999,0
28.84553,-0.4244043,22.03922,30.44818,5.599995,35.19999,0
28.86208,-0.4244043,22.03922,30.44818,5.599995,35.19999,0
28.87851,-0.3779353,22.04904,30.51255,5.599995,35.19999,0
28.89564,-0.3314663,22.05886,30.57693,5.599995,35.19999,0
28.91129,-0.2851115,22.0687,30.64138,5.499993,35.10001,1.072153E-07
28.92763,-0.2387567,22.07854,30.70584,5.499993,35.10001,1.072153E-07
28.94335,-0.2387567,22.07854,30.70584,5.399993,35,1.071974E-07
28.95952,-0.1926306,22.0884,30.77045,5.399992,34.9,0
28.9766,-0.1466191,22.09827,30.83515,5.299993,34.8,1.071799E-07
28.99292,-0.1006077,22.10814,30.89984,5.299993,34.8,1.071799E-07
29.00966,-0.05459623,22.11801,30.96454,5.299993,34.8,1.071799E-07
29.02635,-0.008584771,22.12788,31.02923,5.299993,34.8,1.071799E-07
29.04303,-0.008584771,22.12788,31.02923,5.299993,34.8,1.071799E-07
29.05986,0.03731194,22.13777,31.09401,5.299993,34.7,1.071799E-07
29.07654,0.08251712,22.14773,31.15926,5.299994,34.09999,-1.071799E-07
29.09264,0.1267923,22.15778,31.22513,5.299993,33.3,0
29.10934,0.1701284,22.16792,31.2916,5.299994,32.5,-1.071799E-07
29.126,0.2126357,22.17815,31.3586,5.299994,31.8,1.071799E-07
29.14255,0.2126357,22.17815,31.3586,5.299994,31.2,0
29.17947,0.2964414,22.19859,31.49257,5.299994,30.5,0
29.21214,0.4042149,22.21503,31.60034,5.299994,28.4,0
29.24566,0.5106621,22.23128,31.70679,5.299994,26.2,1.071799E-07
29.26141,0.5106621,22.23128,31.70679,5.299993,23,0
29.27758,0.5620019,22.23911,31.75813,4.999994,21,5.356468E-08
29.29418,0.6124135,22.24681,31.80854,4.699993,18.8,5.354089E-08
29.31103,0.6611891,22.25473,31.86049,4.599993,17,-5.353329E-08
29.32723,0.7030449,22.26425,31.92289,4.499993,15.2,0
29.34373,0.7325578,22.27021,31.99541,4.399994,13.8,0
29.36028,0.7325578,22.27021,31.99541,4.199994,12.4,0
29.37723,0.7674365,22.27023,32.06741,4.099994,10.6,2.674888E-08
29.39348,0.780778,22.27023,32.14629,4.099994,9.599999,0
29.41017,0.7922021,22.27023,32.22546,4.099994,8.7,2.674888E-08
29.42671,0.8030593,22.27024,32.30473,4.099994,7.8,0
29.44312,0.8030593,22.27024,32.30473,4.099994,6.899999,2.674888E-08
29.45988,0.8112828,22.27023,32.3843,4.099994,5.899999,1.337444E-08
29.47661,0.8182552,22.27023,32.464,4.499994,4.999999,1.338146E-08
29.49308,0.8238357,22.27023,32.5438,4.999993,3.999998,-1.339117E-08
29.50964,0.8280226,22.27023,32.62369,5.599993,2.999999,1.340418E-08
29.52628,0.8309541,22.27024,32.70364,6.099992,2.099999,6.708088E-09
29.56163,0.8334669,22.27023,32.7836,6.199993,1.799999,0
29.58007,0.8359798,22.27023,32.86356,6.199993,1.799999,0
29.59588,0.8384927,22.27023,32.94352,6.199993,1.799999,0
29.62893,0.8432392,22.27023,33.10345,6.199994,1.699999,0
29.66182,0.845473,22.27023,33.18342,6.199994,1.599999,6.709349E-09
29.6948,0.8499404,22.27023,33.34336,6.199994,1.599999,6.709349E-09
29.71144,0.8517554,22.27023,33.42334,6.199994,1.299999,0
29.74671,0.8545478,22.27023,33.58331,6.199993,0.999999,0
29.76292,0.8545478,22.27023,33.58331,6.399993,-1.006467E-06,6.401E-15
29.77884,0.8539893,22.27024,33.66331,6.399993,359.6,1.677984E-09
29.79586,0.8532912,22.27023,33.74331,6.399993,359.5,0
29.81224,0.8523138,22.27023,33.8233,6.499994,359.3,0
29.82867,0.850778,22.27023,33.90329,6.699994,358.9,6.715972E-09
29.845,0.8486839,22.27023,33.98326,6.899994,358.5,6.718768E-09
29.86118,0.8486839,22.27023,33.98326,6.999994,358.2,-1.344039E-08
29.89673,0.8486839,22.27023,33.98326,7.099994,357.7,0
29.91286,0.8486839,22.27023,33.98326,7.199994,355.8,0
29.92876,0.8486839,22.27023,33.98326,7.199995,354.7,-5.378496E-08
29.94582,0.8486839,22.27023,33.98326,7.199994,353.4,-2.689248E-08
29.96216,0.8486839,22.27023,33.98326,6.899994,351.8,0
29.97866,0.8486839,22.27023,33.98326,6.699993,350,-5.372777E-08
29.99494,0.8486839,22.27023,33.98326,6.399993,348.4,0
30.01132,0.8486839,22.27023,33.98326,5.999991,346.7,0
30.04667,0.8486839,22.27023,33.98326,5.799993,345,0
30.06316,0.8486839,22.27023,33.98326,5.199993,342.5,5.358137E-08
30.07911,0.8486839,22.27023,33.98326,5.099994,341.7,0
30.09565,0.8486839,22.27023,33.98326,4.999994,341.2,0
30.11212,0.8486839,22.27023,33.98326,4.999994,341.1,1.071294E-07
30.12882,0.8486839,22.27023,33.98326,4.999994,341.1,1.071294E-07
30.16149,0.8486839,22.27023,33.98326,4.999994,341.1,1.071294E-07
30.19654,0.8486839,22.27023,33.98326,4.999994,341.1,1.071294E-07
30.22898,0.7968571,22.27023,34.13463,4.999994,341.1,1.071294E-07
30.26224,0.7709437,22.27023,34.21032,4.999994,341.1,1.071294E-07
30.29567,0.7191169,22.27023,34.36169,4.999994,341.1,1.071294E-07
30.32828,0.6678188,22.27023,34.51324,4.999994,341.3,1.071294E-07
30.36184,0.6432303,22.27023,34.58937,4.699994,342.1,5.354089E-08
30.39495,0.5953838,22.27023,34.74205,4.599994,342.6,-5.353329E-08
30.4113,0.5722612,22.27024,34.81864,4.499994,343.2,0
30.4279,0.5496739,22.27023,34.89538,4.499995,343.6,0
30.44425,0.5274887,22.27023,34.97224,4.499994,343.9,0
30.461,0.5274887,22.27023,34.97224,4.499994,344.4,0
30.47757,0.5062442,22.27023,35.04937,4.499994,344.6,5.352586E-08
30.49401,0.4849997,22.27023,35.1265,4.499994,344.6,5.352586E-08
30.51082,0.4637552,22.27024,35.20363,4.499994,344.6,5.352586E-08
30.54439,0.4212663,22.27023,35.35788,4.499994,344.6,5.352586E-08
30.57758,0.4000218,22.27023,35.43501,4.499994,344.6,5.352586E-08
30.6128,0.3580715,22.27023,35.58941,4.499994,344.8,-5.352586E-08
30.64537,0.3161212,22.27024,35.74382,4.499994,344.8,-5.352586E-08
30.66219,0.3161212,22.27024,35.74382,4.499994,344.8,-5.352586E-08
30.69559,0.274171,22.27023,35.89822,4.499994,344.8,-5.352586E-08
30.72845,0.2322207,22.27023,36.05262,4.499994,344.8,-5.352586E-08
30.7625,0.2112456,22.27024,36.12982,4.499994,344.8,-5.352586E-08
30.79573,0.1692953,22.27023,36.28423,4.499994,344.8,-5.352586E-08
30.82847,0.127345,22.27023,36.43863,4.499994,344.8,-5.352586E-08
30.86171,0.1063699,22.27024,36.51583,4.499994,344.8,-5.352586E-08
30.89513,0.06441963,22.27023,36.67023,4.499994,344.8,-5.352586E-08
30.92828,0.02246937,22.27023,36.82463,4.499994,344.8,-5.352586E-08
30.96224,0.001224877,22.27024,36.90176,4.499994,344.6,5.352586E-08
30.9951,-0.0428771,22.27023,37.05556,4.699994,344,-5.354089E-08
31.01129,-0.06573217,22.27023,37.13223,4.799994,343.4,-1.070973E-07
31.02789,-0.08872101,22.27023,37.20885,4.799994,343.3,0
31.04451,-0.1118436,22.27024,37.28544,4.799994,343.2,0
31.07771,-0.1349661,22.27023,37.36203,4.799994,343.2,0
31.11075,-0.1817456,22.27023,37.51503,4.899994,343,0
31.14414,-0.2290589,22.27024,37.66788,4.999994,342.8,5.356468E-08
31.177,-0.2536474,22.27023,37.74401,4.999994,342.1,-5.356468E-08
31.21325,-0.3033556,22.27023,37.89609,4.999994,341.9,-1.071294E-07
31.24573,-0.3530639,22.27023,38.04817,4.999994,341.9,-1.071294E-07
31.27878,-0.3780507,22.27023,38.12417,4.999994,341.8,-5.356468E-08
31.31144,-0.4280242,22.27023,38.27617,4.999994,341.8,-5.356468E-08
31.34482,-0.4779978,22.27023,38.42816,4.999994,341.8,-5.356468E-08
31.378,-0.5029846,22.27023,38.50416,4.999994,341.8,-5.356468E-08
31.41144,-0.5529582,22.27023,38.65615,4.999994,341.8,-5.356468E-08
31.44504,-0.603197,22.27023,38.80806,4.999994,341.7,0
31.4784,-0.6283164,22.27023,38.88402,4.999994,341.7,0
31.51257,-0.6785552,22.27023,39.03592,4.999994,341.7,0
31.5455,-0.728794,22.27023,39.18783,4.999994,341.7,0
31.57815,-0.7539134,22.27023,39.26379,4.999994,341.7,0
31.6117,-0.8041522,22.27023,39.4157,4.999994,341.7,0
31.64507,-0.854391,22.27023,39.5676,4.999994,341.7,0
31.67811,-0.879643,22.27023,39.64351,4.999994,341.6,5.356468E-08
31.71176,-0.9301468,22.27023,39.79533,4.999994,341.6,5.356468E-08
31.74525,-0.9806507,22.27023,39.94715,4.999994,341.6,5.356468E-08
31.77829,-1.005903,22.27023,40.02306,4.999994,341.6,5.356468E-08
31.81285,-1.056406,22.27023,40.17488,4.999994,341.6,5.356468E-08
31.84534,-1.10691,22.27023,40.3267,4.999994,341.6,5.356468E-08
31.87874,-1.132162,22.27023,40.40261,4.999994,341.6,5.356468E-08
31.91154,-1.182666,22.27023,40.55443,4.999994,341.6,5.356468E-08
31.94485,-1.23317,22.27023,40.70625,4.999994,341.6,5.356468E-08
31.97812,-1.258422,22.27023,40.78217,4.999994,341.6,5.356468E-08
32.01155,-1.308926,22.27023,40.93398,4.999994,341.6,5.356468E-08
32.04487,-1.35943,22.27023,41.0858,4.999994,341.6,5.356468E-08
32.07842,-1.384681,22.27023,41.16171,4.999994,341.6,5.356468E-08
32.11213,-1.435185,22.27023,41.31353,4.999994,341.6,5.356468E-08
32.14541,-1.485689,22.27023,41.46535,4.999994,341.6,5.356468E-08
32.17872,-1.510941,22.27023,41.54126,4.999994,341.6,5.356468E-08
32.21151,-1.561445,22.27023,41.69308,4.999994,341.6,5.356468E-08
32.2448,-1.611949,22.27023,41.84491,4.999994,341.6,5.356468E-08
32.27806,-1.637201,22.27023,41.92081,4.999994,341.6,5.356468E-08
32.31118,-1.687705,22.27023,42.07264,4.999994,341.6,5.356468E-08
32.3448,-1.738209,22.27023,42.22446,4.999994,341.6,5.356468E-08
32.37812,-1.76346,22.27023,42.30037,4.999994,341.6,5.356468E-08
32.41261,-1.813964,22.27023,42.45219,4.999994,341.6,5.356468E-08
32.4454,-1.864468,22.27023,42.604,4.999994,341.6,5.356468E-08
32.47854,-1.88972,22.27023,42.67992,4.999994,341.6,5.356468E-08
32.51189,-1.940224,22.27023,42.83174,4.999994,341.6,5.356468E-08
32.54472,-1.990728,22.27023,42.98355,4.999994,341.6,5.356468E-08
32.57802,-2.016112,22.27024,43.05942,4.899994,341.5,-5.355658E-08
32.61125,-2.066881,22.27023,43.12413,4.799994,341.5,0
32.64445,-2.11765,22.27023,43.12413,4.799994,341.5,0
32.67825,-2.143034,22.27024,43.12413,4.799994,341.5,0
32.71257,-2.193803,22.27023,43.12413,4.799994,341.5,0
32.74519,-2.244572,22.27023,43.12413,4.799994,341.5,0
32.77854,-2.269956,22.27024,43.12413,4.799994,341.5,0
32.81129,-2.320725,22.27023,43.12413,4.799994,341.5,0
32.84453,-2.371494,22.27023,43.12413,4.799994,341.5,0
32.87771,-2.396878,22.27024,43.12413,4.799994,341.5,0
32.91127,-2.447647,22.27023,43.12413,4.799994,341.5,0
32.94449,-2.498415,22.27023,43.12413,4.799994,341.5,0
32.97787,-2.498415,22.27023,43.12413,4.799994,341.5,0
33.01215,-2.498415,22.27023,43.12413,4.799994,341.5,0
33.04506,-2.498415,22.27023,43.12413,4.799994,341.5,0
33.07792,-2.498415,22.27023,43.12413,4.799994,341.5,0
33.11124,-2.498415,22.27023,43.12413,4.799994,341.5,0
33.14477,-2.498415,22.27023,43.12413,4.699994,341.5,-5.354089E-08
33.17799,-2.498415,22.27023,43.12413,4.299994,341.7,0
33.21146,-2.498415,22.27023,43.12413,4.199993,341.9,0
33.24491,-2.498415,22.27023,43.12413,4.199993,341.9,0
33.27835,-2.498415,22.27023,43.12413,3.999993,341.9,-5.349115E-08
33.31213,-2.498415,22.27023,43.12413,3.899993,341.9,0

