TimeStamp,X,Y,Z,Roll,Pitch,Yaw
0.02437343,-0.8694685,22.27023,42.44752,348.1,346.4,-1.090656E-07
0.04945349,-0.8694685,22.27023,42.44752,348.1,346.4,-1.090656E-07
0.07384027,-0.8694685,22.27023,42.44752,348.1,346.4,-1.090656E-07
0.09878331,-0.8694685,22.27023,42.44752,348.1,346.4,-1.090656E-07
0.1229961,-0.8694685,22.27023,42.44752,348.1,346.4,-1.090656E-07
0.1481665,-0.8694685,22.27023,42.44752,348.1,346.4,-1.090656E-07
0.1731003,-0.8694685,22.27023,42.44752,348.1,346.4,-1.090656E-07
0.1970612,-0.8694685,22.27023,42.44752,348.1,346.4,-1.090656E-07
0.2221202,-0.8694685,22.27023,42.44752,348.1,346.4,-1.090656E-07
0.2471474,-0.8694685,22.27023,42.44752,348.1,346.4,-1.090656E-07
0.2711144,-0.8694685,22.27023,42.44752,348.1,346.8,0
0.2959461,-0.8694685,22.27023,42.44752,348.1,347,1.090656E-07
0.3210985,-0.8694685,22.27023,42.44752,348.1,347.1,-1.090656E-07
0.3458942,-0.8694685,22.27023,42.44752,348.2,347.2,-1.090257E-07
0.3709979,-0.8694685,22.27023,42.44752,348.2,347.3,1.090257E-07
0.3959697,-0.8694685,22.27023,42.44752,348.2,347.3,1.090257E-07
0.4211457,-0.8694685,22.27023,42.44752,348.2,347.3,1.090257E-07
0.4459004,-0.8694685,22.27023,42.44752,348.2,347.3,1.090257E-07
0.4699377,-0.8694685,22.27023,42.44752,348.2,347.3,1.090257E-07
0.494988,-0.8694685,22.27023,42.44752,348.2,347.3,1.090257E-07
0.5199926,-0.8694685,22.27023,42.44752,348.2,347.3,1.090257E-07
0.5439099,-0.8694685,22.27023,42.44752,348.2,347.3,1.090257E-07
0.5688237,-0.8694685,22.27023,42.44752,348.2,347.3,1.090257E-07
0.5939853,-0.8694685,22.27023,42.44752,348.2,347.3,1.090257E-07
0.6177717,-0.8694685,22.27023,42.44752,348.2,347.3,1.090257E-07
0.6429472,-0.8694685,22.27023,42.44752,348.2,347.3,1.090257E-07
0.6668937,-0.8694685,22.27023,42.44752,348.2,347.3,1.090257E-07
0.6920025,-0.8694685,22.27023,42.44752,348.3,347.4,2.179723E-07
0.7169845,-0.8694685,22.27023,42.44752,348.4,347.5,0
0.7408161,-0.8694685,22.27023,42.44752,348.4,347.5,0
0.7658263,-0.8694685,22.27023,42.44752,348.4,347.5,0
0.7909572,-0.8694685,22.27023,42.44752,348.4,347.5,0
0.8159146,-0.8694685,22.27023,42.44752,348.4,347.5,0
0.8399458,-0.8694685,22.27023,42.44752,348.4,347.5,0
0.8648124,-0.8694685,22.27023,42.44752,348.4,347.5,0
0.8900279,-0.8694685,22.27023,42.44752,348.4,347.5,0
0.9148005,-0.8694685,22.27023,42.44752,348.4,347.5,0
0.9390134,-0.8694685,22.27023,42.44752,348.4,347.5,0
0.9640406,-0.8694685,22.27023,42.44752,348.4,347.5,0
0.9891222,-0.8694685,22.27023,42.44752,348.4,347.5,0
1.014089,-0.8694685,22.27023,42.44752,348.4,347.5,0
1.039025,-0.8694685,22.27023,42.44752,348.4,347.5,0
1.062886,-0.8694685,22.27023,42.44752,348.4,347.5,0
1.087901,-0.8694685,22.27023,42.44752,348.4,347.5,0
1.11295,-0.8694685,22.27023,42.44752,348.4,347.5,0
1.138172,-0.8694685,22.27023,42.44752,348.4,347.5,0
1.161951,-0.8694685,22.27023,42.44752,348.4,347.5,0
1.186869,-0.8694685,22.27023,42.44752,348.4,347.5,0
1.21181,-0.8694685,22.27023,42.44752,348.4,347.5,0
1.237023,-0.8694685,22.27023,42.44752,348.4,347.5,0
1.261843,-0.8694685,22.27023,42.44752,348.4,347.5,0
1.286098,-0.8694685,22.27023,42.44752,348.4,347.5,0
1.310837,-0.8694685,22.27023,42.44752,348.4,347.5,0
1.335988,-0.8694685,22.27023,42.44752,348.6,348.4,0
1.360892,-0.8694685,22.27023,42.44752,348.9,350,1.087563E-07
1.385997,-0.8694685,22.27023,42.44752,349.2,352.2,1.629692E-07
1.410929,-0.8694685,22.27023,42.44752,349.5,354.1,-5.426961E-08
1.435966,-0.8694685,22.27023,42.44752,349.8,355.4,-2.710887E-08
1.46102,-0.8694685,22.27023,42.44752,349.9,355.6,2.71004E-08
1.485028,-0.8694685,22.27023,42.44752,350,355.6,5.418404E-08
1.509928,-0.8694685,22.27023,42.44752,350.4,355.6,2.705936E-08
1.533998,-0.8694685,22.27023,42.44752,350.8,355.5,2.702811E-08
1.557978,-0.8694685,22.27023,42.44752,351.2,355.4,-2.699824E-08
1.58187,-0.8694685,22.27023,42.44752,351.4,355.4,2.698383E-08
1.60598,-0.8694685,22.27023,42.44752,351.6,355.3,-2.696975E-08
1.631147,-0.8694685,22.27023,42.44752,351.7,355.2,-2.696284E-08
1.655009,-0.8694685,22.27023,42.44752,351.7,355.2,-2.696284E-08
1.679172,-0.8694685,22.27023,42.44752,351.7,355.2,-2.696284E-08
1.70299,-0.8694685,22.27023,42.44752,351.7,355.2,-2.696284E-08
1.727992,-0.8694685,22.27023,42.44752,351.7,355.2,-2.696284E-08
1.751892,-0.8694685,22.27023,42.44752,351.7,355.2,-2.696284E-08
1.775875,-0.8694685,22.27023,42.44752,351.7,355.2,-2.696284E-08
1.79996,-0.8694685,22.27023,42.44752,351.7,355.2,-2.696284E-08
1.823983,-0.8694685,22.27023,42.44752,351.7,355.2,-2.696284E-08
1.848058,-0.8694685,22.27023,42.44752,351.7,355.2,-2.696284E-08
1.872072,-0.8694685,22.27023,42.44752,351.7,355.2,-2.696284E-08
1.897156,-0.8694685,22.27023,42.44752,351.7,355.2,-2.696284E-08
1.921112,-0.8694685,22.27023,42.44752,351.7,355.2,-2.696284E-08
1.944907,-0.8694685,22.27023,42.44752,351.7,355.2,-2.696284E-08
1.969058,-0.8694685,22.27023,42.44752,351.7,355.2,-2.696284E-08
1.992918,-0.8694685,22.27023,42.44752,351.7,355.2,-2.696284E-08
2.016968,-0.8694685,22.27023,42.44752,351.7,355.2,-2.696284E-08
2.040946,-0.8694685,22.27023,42.44752,351.7,355.2,-2.696284E-08
2.066006,-0.8694685,22.27023,42.44752,351.7,355.2,-2.696284E-08
2.090031,-0.8694685,22.27023,42.44752,351.7,355.2,-2.696284E-08
2.113977,-0.8694685,22.27023,42.44752,351.7,355.2,-2.696284E-08
2.137946,-0.8694685,22.27023,42.44752,351.7,355.2,-2.696284E-08
2.163085,-0.8694685,22.27023,42.44752,351.7,355.2,-2.696284E-08
2.187059,-0.8694685,22.27023,42.44752,351.7,355.2,-2.696284E-08
2.211939,-0.8694685,22.27023,42.44752,351.7,355.2,-2.696284E-08
2.23601,-0.8694685,22.27023,42.44752,351.7,355.2,-2.696284E-08
2.260002,-0.8694685,22.27023,42.44752,351.7,355.2,-2.696284E-08
2.283835,-0.8694685,22.27023,42.44752,351.7,355.2,-2.696284E-08
2.30805,-0.8694685,22.27023,42.44752,351.7,355.2,-2.696284E-08
2.332791,-0.8694685,22.27023,42.44752,351.7,355.2,-2.696284E-08
2.356914,-0.8694685,22.27023,42.44752,351.7,355.2,-2.696284E-08
2.380934,-0.8694685,22.27023,42.44752,351.7,355.2,-2.696284E-08
2.406055,-0.8694685,22.27023,42.44752,351.7,355.2,-2.696284E-08
2.430027,-0.8694685,22.27023,42.44752,351.7,355.2,-2.696284E-08
2.455018,-0.8694685,22.27023,42.44752,351.7,355.2,-2.696284E-08
2.478876,-0.8694685,22.27023,42.44752,351.7,355.2,-2.696284E-08
2.502969,-0.8694685,22.27023,42.44752,351.7,355.2,-2.696284E-08
2.527875,-0.8694685,22.27023,42.44752,351.7,355.2,-2.696284E-08
2.551908,-0.8694685,22.27023,42.44752,351.7,355.2,-2.696284E-08
2.575842,-0.8694685,22.27023,42.44752,351.7,355.2,-2.696284E-08
2.60077,-0.8694685,22.27023,42.44752,351.7,355.2,-2.696284E-08
2.624986,-0.8694685,22.27023,42.44752,351.7,355.2,-2.696284E-08
2.64995,-0.8694685,22.27023,42.44752,351.7,355.2,-2.696284E-08
2.67402,-0.8694685,22.27023,42.44752,351.7,355.2,-2.696284E-08
2.698196,-0.8694685,22.27023,42.44752,351.7,355.2,-2.696284E-08
2.722972,-0.8694685,22.27023,42.44752,351.7,355.2,-2.696284E-08
2.747041,-0.8694685,22.27023,42.44752,351.7,355.2,-2.696284E-08
2.771971,-0.8694685,22.27023,42.44752,351.7,355.2,-2.696284E-08
2.795808,-0.8694685,22.27023,42.44752,351.7,355.2,-2.696284E-08
2.821234,-0.8694685,22.27023,42.44752,351.7,355.2,-2.696284E-08
2.844829,-0.8694685,22.27023,42.44752,351.7,355.2,-2.696284E-08
2.86991,-0.8694685,22.27023,42.44752,351.7,355.2,-2.696284E-08
2.893844,-0.8694685,22.27023,42.44752,351.7,355.2,-2.696284E-08
2.91881,-0.8694685,22.27023,42.44752,351.7,355.2,-2.696284E-08
2.943973,-0.8694685,22.27023,42.44752,351.7,355.2,-2.696284E-08
2.968024,-0.8694685,22.27023,42.44752,351.7,355.2,-2.696284E-08
2.992988,-0.8694685,22.27023,42.44752,351.7,355.2,-2.696284E-08
3.017007,-0.8694685,22.27023,42.44752,351.7,355.2,-2.696284E-08
3.041955,-0.8694685,22.27023,42.44752,351.7,355.2,-2.696284E-08
3.066953,-0.8694685,22.27023,42.44752,351.7,355.2,-2.696284E-08
3.090945,-0.8694685,22.27023,42.44752,351.7,355.2,-2.696284E-08
3.115911,-0.8828569,22.27023,42.60696,351.7,355.2,-2.696284E-08
3.140906,-0.8895512,22.27023,42.68668,351.7,355.2,-2.696284E-08
3.165108,-0.8962454,22.27024,42.7664,351.7,355.2,-2.696284E-08
3.19012,-0.9029396,22.27023,42.84612,351.7,355.2,-2.696284E-08
3.215141,-0.9163281,22.27023,43.00556,351.7,355.2,-2.696284E-08
3.239003,-0.9230223,22.27023,43.08528,351.7,355.2,-2.696284E-08
3.263973,-0.9297166,22.27024,43.165,351.7,355.2,-2.696284E-08
3.289045,-0.9364108,22.27023,43.24472,351.7,355.2,-2.696284E-08
3.313004,-0.943105,22.27023,43.32444,351.7,355.2,-2.696284E-08
3.336917,-0.9564935,22.27023,43.48388,351.7,355.2,-2.696284E-08
3.361933,-0.9631878,22.27023,43.56359,351.7,355.2,-2.696284E-08
3.385957,-0.969882,22.27023,43.64331,351.7,355.2,-2.696284E-08
3.409956,-0.9765762,22.27024,43.72303,351.7,355.2,-2.696284E-08
3.433943,-0.9899647,22.27023,43.88247,351.7,355.2,-2.696284E-08
3.45796,-0.9966589,22.27023,43.96219,351.7,355.2,-2.696284E-08
3.482048,-1.003353,22.27023,44.04191,351.7,355.2,-2.696284E-08
3.506016,-1.010047,22.27024,44.12163,351.7,355.2,-2.696284E-08
3.530192,-1.016742,22.27023,44.20135,351.7,355.2,-2.696284E-08
3.553818,-1.03013,22.27023,44.36079,351.7,355.2,-2.696284E-08
3.577963,-1.036824,22.27023,44.44051,351.7,355.2,-2.696284E-08
3.601866,-1.043519,22.27024,44.52023,351.7,355.2,-2.696284E-08
3.625869,-1.050213,22.27023,44.59995,351.7,355.2,-2.696284E-08
3.649934,-1.056907,22.27023,44.67966,351.7,355.2,-2.696284E-08
3.674062,-1.070296,22.27023,44.8391,351.7,355.2,-2.696284E-08
3.697893,-1.07699,22.27024,44.91882,351.7,355.2,-2.696284E-08
3.72187,-1.083684,22.27023,44.99854,351.7,355.2,-2.696284E-08
3.747032,-1.090378,22.27023,45.07826,351.7,355.2,-2.696284E-08
3.77097,-1.097072,22.27023,45.15798,351.7,355.2,-2.696284E-08
3.795868,-1.110461,22.27024,45.31742,351.7,355.2,-2.696284E-08
3.821011,-1.117155,22.27023,45.39714,351.7,355.2,-2.696284E-08
3.844924,-1.123849,22.27023,45.47686,351.7,355.2,-2.696284E-08
3.871061,-1.130544,22.27023,45.55658,351.7,355.2,-2.696284E-08
3.895839,-1.143932,22.27024,45.71602,351.7,355.2,-2.696284E-08
3.921022,-1.150626,22.27023,45.79574,351.7,355.2,-2.696284E-08
3.947157,-1.157321,22.27023,45.87546,351.7,355.2,-2.696284E-08
3.972048,-1.164015,22.27023,45.95518,351.7,355.2,-2.696284E-08
3.998126,-1.177403,22.27023,46.11462,351.7,355.2,-2.696284E-08
4.023083,-1.184098,22.27023,46.19434,351.7,355.2,-2.696284E-08
4.048087,-1.190792,22.27024,46.27406,351.7,355.2,-2.696284E-08
4.073996,-1.20418,22.27023,46.43349,351.7,355.2,-2.696284E-08
4.09911,-1.210874,22.27241,46.51321,351.7,355.2,-2.696284E-08
4.124954,-1.217671,22.27993,46.59171,351.7,355.2,-2.696284E-08
4.150924,-1.224366,22.28,46.67142,351.7,355.2,-2.696284E-08
4.175947,-1.237787,22.29,46.83047,351.7,355.2,-2.696284E-08
4.201919,-1.244481,22.29,46.91019,351.7,355.2,-2.696284E-08
4.227941,-1.251175,22.29,46.98991,351.7,355.2,-2.696284E-08
4.253008,-1.257869,22.29,47.06963,351.7,355.2,-2.696284E-08
4.278933,-1.271258,22.29,47.22907,351.7,355.2,-2.696284E-08
4.303812,-1.277952,22.29,47.30879,351.7,355.2,-2.696284E-08
4.329988,-1.284646,22.29,47.38851,351.7,355.2,-2.696284E-08
4.354985,-1.298035,22.29,47.54795,351.7,355.2,-2.696284E-08
4.380978,-1.304868,22.29,47.62766,351.7,355.1,2.696284E-08
4.407102,-1.311702,22.29,47.70737,351.7,355.1,2.696284E-08
4.432927,-1.318535,22.29,47.78708,351.7,355.1,2.696284E-08
4.459009,-1.332202,22.29,47.94649,351.7,355.1,2.696284E-08
4.483876,-1.339035,22.29,48.0262,351.7,355.1,2.696284E-08
4.509849,-1.345868,22.29,48.1059,351.7,355.1,2.696284E-08
4.535923,-1.359535,22.29,48.26532,351.7,355.1,2.696284E-08
4.562073,-1.366508,22.29,48.34502,351.8,355,0
4.587883,-1.37348,22.29,48.42471,351.8,355,0
4.613813,-1.387425,22.29,48.5841,351.8,355,0
4.640115,-1.394537,22.29,48.66378,351.8,354.9,2.695602E-08
4.665872,-1.401787,22.29,48.74346,351.9,354.8,5.389856E-08
4.692769,-1.409177,22.29,48.82311,351.9,354.7,-2.694928E-08
4.719017,-1.409177,22.29,48.82311,351.9,354.7,-2.694928E-08
4.745912,-1.409177,22.29,48.82311,351.9,354.7,-2.694928E-08
4.773016,-1.409177,22.29,48.82311,351.9,354.7,-2.694928E-08
4.799059,-1.409177,22.29,48.82311,352,354.6,5.388526E-08
4.825912,-1.409177,22.29,48.82311,352,354.6,5.388526E-08
4.851781,-1.409177,22.29,48.82311,352,354.6,5.388526E-08
4.878926,-1.409177,22.29,48.82311,352,354.6,5.388526E-08
4.904895,-1.409177,22.29,48.82311,352,354.6,5.388526E-08
4.932011,-1.409177,22.29,48.82311,352,354.6,5.388526E-08
4.958933,-1.409177,22.29,48.82311,352,354.6,5.388526E-08
4.984904,-1.409177,22.29,48.82311,352,354.6,5.388526E-08
5.011786,-1.409177,22.29,48.82311,352,354.6,5.388526E-08
5.03895,-1.409177,22.29,48.82311,352,354.6,5.388526E-08
5.064901,-1.409177,22.29,48.82311,352,354.6,5.388526E-08
5.09183,-1.409177,22.29,48.82311,352,354.6,5.388526E-08
5.118004,-1.409177,22.29,48.82311,352,354.6,5.388526E-08
5.145936,-1.409177,22.29,48.82311,352,354.6,5.388526E-08
5.171956,-1.409177,22.29,48.82311,352,354.6,5.388526E-08
5.199193,-1.409177,22.29,48.82311,352,354.6,5.388526E-08
5.224801,-1.409177,22.29,48.82311,352,354.6,5.388526E-08
5.252911,-1.409177,22.29,48.82311,352,354.6,5.388526E-08
5.279079,-1.409177,22.29,48.82311,352,354.6,5.388526E-08
5.305886,-1.409177,22.29,48.82311,352,354.6,5.388526E-08
5.332088,-1.409177,22.29,48.82311,352,354.6,5.388526E-08
5.358911,-1.409177,22.29,48.82311,352,354.6,5.388526E-08
5.384823,-1.409177,22.29,48.82311,352,354.6,5.388526E-08
5.411857,-1.409177,22.29,48.82311,352,354.6,5.388526E-08
5.438012,-1.409177,22.29,48.82311,352,354.6,5.388526E-08
5.464953,-1.409177,22.29,48.82311,352,354.6,5.388526E-08
5.49104,-1.409177,22.29,48.82311,352,354.6,5.388526E-08
5.517956,-1.409177,22.29,48.82311,352,354.6,5.388526E-08
5.543956,-1.409177,22.29,48.82311,352,354.6,5.388526E-08
5.570966,-1.409177,22.29,48.82311,352,354.6,5.388526E-08
5.597003,-1.409177,22.29,48.82311,352,354.6,5.388526E-08
5.623931,-1.409177,22.29,48.82311,352,354.6,5.388526E-08
5.649842,-1.409177,22.29,48.82311,352,354.6,5.388526E-08
5.676864,-1.409177,22.29,48.82311,352,354.6,5.388526E-08
5.702866,-1.409177,22.29,48.82311,352,354.6,5.388526E-08
5.729896,-1.409177,22.29,48.82311,352,354.6,5.388526E-08
5.755919,-1.409177,22.29,48.82311,352,354.6,5.388526E-08
5.781977,-1.409177,22.29,48.82311,352,354.6,5.388526E-08
5.80882,-1.409177,22.29,48.82311,352,354.6,5.388526E-08
5.835741,-1.409177,22.29,48.82311,352,354.6,5.388526E-08
5.86195,-1.409177,22.29,48.82311,352,354.6,5.388526E-08
5.888955,-1.409177,22.29,48.82311,352,354.6,5.388526E-08
5.914854,-1.409177,22.29,48.82311,352,354.6,5.388526E-08
5.94214,-1.409177,22.29,48.82311,352,354.6,5.388526E-08
5.967904,-1.409177,22.29,48.82311,352,354.6,5.388526E-08
5.994884,-1.409177,22.29,48.82311,352,354.6,5.388526E-08
6.020977,-1.409177,22.29,48.82311,352,354.6,5.388526E-08
6.048079,-1.409177,22.29,48.82311,352,354.6,5.388526E-08
6.0739,-1.409177,22.29,48.82311,352,354.6,5.388526E-08
6.100996,-1.409177,22.29,48.82311,352,354.6,5.388526E-08
6.128006,-1.409177,22.29,48.82311,352.2,354.6,0
6.154191,-1.409177,22.29,48.82311,352.2,354.6,0
6.180971,-1.409177,22.29,48.82311,352.4,354.5,5.383376E-08
6.207002,-1.409177,22.29,48.82311,352.4,354.5,5.383376E-08
6.233924,-1.409177,22.29,48.82311,352.4,354.5,5.383376E-08
6.260959,-1.409177,22.29,48.82311,352.4,354.5,5.383376E-08
6.287025,-1.409177,22.29,48.82311,352.4,354.5,5.383376E-08
6.313931,-1.409177,22.29,48.82311,352.5,354.4,0
6.34009,-1.409177,22.29,48.82311,352.6,354.3,2.690451E-08
6.36689,-1.409177,22.29,48.82311,352.7,354.1,0
6.393881,-1.409177,22.29,48.82311,352.7,354.1,0
6.42107,-1.409177,22.29,48.82311,352.7,354.1,0
6.446864,-1.409177,22.29,48.82311,352.7,354.1,0
6.474092,-1.409177,22.29,48.82311,352.7,354.1,0
6.500973,-1.409177,22.29,48.82311,352.7,354.1,0
6.526821,-1.409177,22.29,48.82311,352.7,354.1,0
6.553709,-1.409177,22.29,48.82311,352.7,354.1,0
6.580929,-1.409177,22.29,48.82311,352.7,354.1,0
6.60698,-1.409177,22.29,48.82311,352.7,354.1,0
6.63396,-1.409177,22.29,48.82311,352.7,354.1,0
6.660933,-1.409177,22.29,48.82311,352.7,354.1,0
6.686836,-1.409177,22.29,48.82311,352.7,354.1,0
6.713922,-1.409177,22.29,48.82311,352.7,354.1,0
6.740042,-1.409177,22.29,48.82311,352.7,354.1,0
6.766845,-1.409177,22.29,48.82311,352.7,354.1,0
6.792915,-1.409177,22.29,48.82311,352.7,354.1,0
6.81996,-1.409177,22.29,48.82311,352.7,354.1,0
6.847292,-1.409177,22.29,48.82311,352.7,354.1,0
6.872964,-1.409177,22.29,48.82311,352.7,354.1,0
6.899848,-1.409177,22.29,48.82311,352.7,354.1,0
6.925828,-1.409177,22.29,48.82311,352.7,354.1,0
6.952911,-1.409177,22.29,48.82311,352.7,354.1,0
6.978918,-1.409177,22.29,48.82311,352.7,354.1,0
7.005933,-1.409177,22.29,48.82311,352.7,354.1,0
7.032056,-1.409177,22.29,48.82311,352.7,354.1,0
7.058898,-1.409177,22.29,48.82311,352.7,354.1,0
7.085956,-1.409177,22.29,48.82311,352.7,354.1,0
7.111806,-1.409177,22.29,48.82311,352.7,354.1,0
7.139023,-1.409177,22.29,48.82311,352.7,354.1,0
7.166027,-1.409177,22.29,48.82311,352.7,354.1,0
7.191882,-1.409177,22.29,48.82311,352.7,354.2,-2.689845E-08
7.219007,-1.409177,22.29,48.82311,352.7,354.4,-2.689846E-08
7.245,-1.409177,22.29,48.82311,352.6,354.5,-2.690451E-08
7.272102,-1.409177,22.29,48.82311,352.6,354.5,-2.690451E-08
7.299371,-1.409177,22.29,48.82311,352.5,354.7,0
7.32587,-1.409177,22.29,48.82311,352.4,355,0
7.352946,-1.409177,22.29,48.82311,352.3,355.3,0
7.379021,-1.409177,22.29,48.82311,352.2,355.5,2.692959E-08
7.406009,-1.409177,22.29,48.82311,352.2,355.7,-2.692958E-08
7.432047,-1.409177,22.29,48.82311,352.1,355.9,-2.693606E-08
7.459254,-1.409177,22.29,48.82311,352.1,356.1,-2.693606E-08
7.485077,-1.409177,22.29,48.82311,352.1,356.8,1.346803E-08
7.507269,-1.409177,22.29,48.82311,352.1,357.4,1.346803E-08
7.528141,-1.409177,22.29,48.82311,352.1,358.1,1.346803E-08
7.550088,-1.409177,22.29,48.82311,352.1,358.5,1.346803E-08
7.571216,-1.409177,22.29,48.82311,352.1,359.3,-3.367008E-09
7.593127,-1.409177,22.29,48.82311,352.1,0.09999449,-4.208759E-10
7.614093,-1.409177,22.29,48.82311,352.1,0.3999945,0
7.636148,-1.409177,22.29,48.82311,352.3,1.199994,0
7.657189,-1.409177,22.29,48.82311,352.5,2.099995,-1.345533E-08
7.678213,-1.409177,22.29,48.82311,352.5,2.399994,-1.345533E-08
7.700024,-1.409177,22.29,48.82311,352.6,3.199995,-1.345225E-08
7.721095,-1.409177,22.29,48.82311,352.7,3.599994,-2.689846E-08
7.742903,-1.409177,22.29,48.82311,352.7,3.799994,0
7.762066,-1.409177,22.29,48.82311,352.8,3.999995,0
7.782058,-1.409177,22.29,48.82311,352.9,4.199995,0
7.805989,-1.409177,22.29,48.82311,352.9,4.499995,0
7.831069,-1.409177,22.29,48.82311,353.1,5.899996,-2.687507E-08
7.856045,-1.409177,22.29,48.82311,353.5,7.799996,-2.685304E-08
7.881104,-1.409177,22.29,48.82311,353.7,9.699996,0
7.906021,-1.409177,22.29,48.82311,353.9,11.2,0
7.931175,-1.409177,22.29,48.82311,354.1,12.4,5.364503E-08
7.954895,-1.409177,22.29,48.82311,354.2,12.8,-5.363542E-08
7.978971,-1.409177,22.29,48.82311,354.2,12.9,0
8.002789,-1.409177,22.29,48.82311,354.2,12.9,0
8.026846,-1.409177,22.29,48.82311,354.2,12.9,0
8.051087,-1.409177,22.29,48.82311,354.2,12.9,0
8.076036,-1.409177,22.29,48.82311,354.2,12.9,0
8.09899,-1.409177,22.29,48.82311,354.2,12.9,0
8.122812,-1.409177,22.29,48.82311,354.2,12.9,0
8.146931,-1.409177,22.29,48.82311,354.2,12.9,0
8.170863,-1.409177,22.29,48.82311,354.2,12.9,0
8.194798,-1.409177,22.29,48.82311,354.2,12.9,0
8.218866,-1.409177,22.29,48.82311,354.2,12.9,0
8.242942,-1.409177,22.29,48.82311,354.2,12.9,0
8.265816,-1.409177,22.29,48.82311,354.2,12.9,0
8.289871,-1.409177,22.29,48.82311,354.2,12.9,0
8.313778,-1.409177,22.29,48.82311,354.2,12.9,0
8.338014,-1.409177,22.29,48.82311,354.2,12.9,0
8.361905,-1.409177,22.29,48.82311,354.2,12.9,0
8.38587,-1.409177,22.29,48.82311,354.2,12.9,0
8.409844,-1.409177,22.29,48.82311,354.2,12.9,0
8.43388,-1.409177,22.29,48.82311,354.2,12.9,0
8.456848,-1.409177,22.29,48.82311,354.2,12.9,0
8.480933,-1.409177,22.29,48.82311,354.2,12.9,0
8.50484,-1.409177,22.29,48.82311,354.2,12.9,0
8.528844,-1.409177,22.29,48.82311,354.2,12.9,0
8.552732,-1.409177,22.29,48.82311,354.2,12.9,0
8.576923,-1.409177,22.29,48.82311,354.2,12.9,0
8.600876,-1.409177,22.29,48.82311,354.2,12.9,0
8.624784,-1.409177,22.29,48.82311,354.2,12.9,0
8.648016,-1.409177,22.29,48.82311,354.2,12.9,0
8.672095,-1.409177,22.29,48.82311,354.2,12.9,0
8.695827,-1.409177,22.29,48.82311,354.2,12.9,0
8.719952,-1.409177,22.29,48.82311,354.2,12.9,0
8.743798,-1.409177,22.29,48.82311,354.2,12.9,0
8.767805,-1.409177,22.29,48.82311,354.2,12.9,0
8.79192,-1.409177,22.29,48.82311,354.2,12.9,0
8.816023,-1.409177,22.29,48.82311,354.2,12.9,0
8.83998,-1.409177,22.29,48.82311,354.2,12.9,0
8.862864,-1.409177,22.29,48.82311,354.2,12.9,0
8.886849,-1.409177,22.29,48.82311,354.2,12.9,0
8.911004,-1.409177,22.29,48.82311,354.2,12.9,0
8.934982,-1.409177,22.29,48.82311,354.2,12.9,0
8.958963,-1.409177,22.29,48.82311,354.2,12.9,0
8.98283,-1.409177,22.29,48.82311,354.2,12.9,0
9.007107,-1.409177,22.29,48.82311,354.2,12.9,0
9.03002,-1.409177,22.29,48.82311,354.2,12.9,0
9.053936,-1.409177,22.29,48.82311,354.2,12.9,0
9.077864,-1.409177,22.29,48.82311,354.2,12.9,0
9.101957,-1.409177,22.29,48.82311,354.2,12.9,0
9.125779,-1.409177,22.29,48.82311,354.2,12.9,0
9.14986,-1.409177,22.29,48.82311,354.2,12.9,0
9.173969,-1.409177,22.29,48.82311,354.2,12.9,0
9.197834,-1.409177,22.29,48.82311,354.2,12.9,0
9.220971,-1.409177,22.29,48.82311,354.2,12.9,0
9.244876,-1.409177,22.29,48.82311,354.2,12.9,0
9.268929,-1.409177,22.29,48.82311,354.2,12.9,0
9.292806,-1.409177,22.29,48.82311,354.2,12.9,0
9.316824,-1.409177,22.29,48.82311,354.2,12.9,0
9.341156,-1.409177,22.29,48.82311,354.2,12.9,0
9.364917,-1.409177,22.29,48.82311,354.2,12.9,0
9.388915,-1.409177,22.29,48.82311,354.2,12.9,0
9.412023,-1.409177,22.29,48.82311,354.2,12.9,0
9.435771,-1.409177,22.29,48.82311,354.2,12.9,0
9.459758,-1.409177,22.29,48.82311,354.2,12.9,0
9.48371,-1.409177,22.29,48.82311,354.2,12.9,0
9.507877,-1.409177,22.29,48.82311,354.2,12.9,0
9.531962,-1.409177,22.29,48.82311,354.2,12.9,0
9.555801,-1.409177,22.29,48.82311,354.2,12.9,0
9.579779,-1.409177,22.29,48.82311,354.2,12.9,0
9.602949,-1.409177,22.29,48.82311,354.2,12.9,0
9.626809,-1.409177,22.29,48.82311,354.2,12.9,0
9.65073,-1.409177,22.29,48.82311,354.2,12.9,0
9.674745,-1.409177,22.29,48.82311,354.2,12.9,0
9.698962,-1.409177,22.29,48.82311,354.2,12.9,0
9.722946,-1.409177,22.29,48.82311,354.2,12.9,0
9.746818,-1.409177,22.29,48.82311,354.2,12.9,0
9.769859,-1.409177,22.29,48.82311,354.2,12.9,0
9.793923,-1.409177,22.29,48.82311,354.2,12.9,0
9.817931,-1.409177,22.29,48.82311,354.2,12.9,0
9.841824,-1.409177,22.29,48.82311,354.2,12.9,0
9.865927,-1.409177,22.29,48.82311,354.2,12.9,0
9.889908,-1.409177,22.29,48.82311,354.2,12.9,0
9.91388,-1.409177,22.29,48.82311,354.2,12.9,0
9.937823,-1.409177,22.29,48.82311,354.2,12.9,0
9.960917,-1.409177,22.29,48.82311,354.2,12.9,0
9.984696,-1.409177,22.29,48.82311,354.2,12.9,0
10.00885,-1.409177,22.29,48.82311,354.2,12.9,0
10.03293,-1.409177,22.29,48.82311,354.2,12.9,0
10.05694,-1.409177,22.29,48.82311,354.2,12.9,0
10.08087,-1.409177,22.29,48.82311,354.2,12.9,0
10.10486,-1.409177,22.29,48.82311,354.2,12.9,0
10.12898,-1.409177,22.29,48.82311,354.2,12.9,0
10.15189,-1.409177,22.29,48.82311,354.2,12.9,0
10.17585,-1.409177,22.29,48.82311,354.2,12.9,0
10.19976,-1.409177,22.29,48.82311,354.2,12.9,0
10.22383,-1.409177,22.29,48.82311,354.2,12.9,0
10.2479,-1.409177,22.29,48.82311,354.2,12.9,0
10.27179,-1.409177,22.29,48.82311,354.2,12.9,0
10.29568,-1.409177,22.29,48.82311,354.2,12.9,0
10.31887,-1.409177,22.29,48.82311,354.2,12.9,0
10.34285,-1.409177,22.29,48.82311,354.2,12.9,0
10.36796,-1.409177,22.29,48.82311,354.2,12.9,0
10.39099,-1.409177,22.29,48.82311,354.2,12.9,0
10.41485,-1.409177,22.29,48.82311,354.2,12.9,0
10.43877,-1.409177,22.29,48.82311,354.2,12.9,0
10.46285,-1.409177,22.29,48.82311,354.2,12.9,0
10.48685,-1.409177,22.29,48.82311,354.2,12.9,0
10.51084,-1.409177,22.29,48.82311,354.2,12.9,0
10.53497,-1.409177,22.29,48.82311,354.2,12.9,0
10.55886,-1.409177,22.29,48.82311,354.2,12.9,0
10.5829,-1.409177,22.29,48.82311,354.2,12.9,0
10.60596,-1.409177,22.29,48.82311,354.2,12.9,0
10.62984,-1.409177,22.29,48.82311,354.2,12.9,0
10.65378,-1.409177,22.29,48.82311,354.2,12.9,0
10.67783,-1.409177,22.29,48.82311,354.2,12.9,0
10.70186,-1.409177,22.29,48.82311,354.2,12.9,0
10.72588,-1.409177,22.29,48.82311,354.2,12.9,0
10.74985,-1.409177,22.29,48.82311,354.2,12.9,0
10.77381,-1.409177,22.29,48.82311,354.2,12.9,0
10.798,-1.409177,22.29,48.82311,354.2,12.9,0
10.82187,-1.409177,22.29,48.82311,354.2,12.9,0
10.84479,-1.409177,22.29,48.82311,354.2,12.9,0
10.86891,-1.409177,22.29,48.82311,354.2,12.9,0
10.89281,-1.409177,22.29,48.82311,354.2,12.9,0
10.9168,-1.409177,22.29,48.82311,354.2,12.9,0
10.94087,-1.409177,22.29,48.82311,354.2,12.9,0
10.96466,-1.409177,22.29,48.82311,354.2,12.9,0
10.98877,-1.409177,22.29,48.82311,354.2,12.9,0
11.01283,-1.409177,22.29,48.82311,354.2,12.9,0
11.03598,-1.409177,22.29,48.82311,354.2,12.9,0
11.05973,-1.409177,22.29,48.82311,354.2,12.9,0
11.08379,-1.409177,22.29,48.82311,354.2,12.9,0
11.10771,-1.409177,22.29,48.82311,354.2,12.9,0
11.13174,-1.409177,22.29,48.82311,354.2,12.9,0
11.15585,-1.409177,22.29,48.82311,354.2,12.9,0
11.17977,-1.409177,22.29,48.82311,354.2,12.9,0
11.20377,-1.409177,22.29,48.82311,354.2,12.9,0
11.22793,-1.409177,22.29,48.82311,354.2,12.9,0
11.2519,-1.409177,22.29,48.82311,354.2,12.9,0
11.27583,-1.409177,22.29,48.82311,354.2,12.9,0
11.29896,-1.409177,22.29,48.82311,354.2,12.9,0
11.32289,-1.409177,22.29,48.82311,354.2,12.9,0
11.347,-1.409177,22.29,48.82311,354.2,12.9,0
11.37082,-1.409177,22.29,48.82311,354.2,12.9,0
11.39483,-1.409177,22.29,48.82311,354.2,12.9,0
11.41891,-1.409177,22.29,48.82311,354.2,12.9,0
11.44274,-1.409177,22.29,48.82311,354.2,12.9,0
11.46683,-1.409177,22.29,48.82311,354.2,12.9,0
11.49098,-1.391317,22.29,48.9011,354.2,12.9,0
11.51479,-1.355597,22.29,49.05706,354.2,12.9,0
11.53788,-1.337737,22.29,49.13504,354.2,12.9,0
11.56182,-1.319877,22.29,49.21302,354.2,12.9,0
11.58594,-1.302017,22.29,49.291,354.2,12.9,0
11.60984,-1.284021,22.29,49.36895,354.4,13,0
11.63371,-1.248029,22.29,49.52485,354.4,13,0
11.6579,-1.236937,22.29,49.52388,354.4,13,0
11.68186,-1.225846,22.29,49.52291,354.4,13,0
11.70587,-1.214754,22.29,49.52194,354.4,13,0
11.72988,-1.203663,22.29,49.52097,354.4,13,0
11.75368,-1.18148,22.29,49.51902,354.4,13,0
11.77785,-1.170389,22.29,49.51805,354.4,13,0
11.80198,-1.159297,22.29,49.51709,354.6,13,-5.359873E-08
11.82607,-1.148068,22.29,49.5161,354.9,13.1,0
11.84993,-1.136564,22.29,49.51509,355.1,13.3,0
11.87411,-1.113555,22.29,49.51308,355.1,13.3,0
11.8983,-1.10205,22.29,49.51208,355.1,13.3,0
11.92194,-1.090408,22.29,49.51106,355.2,13.4,0
11.94594,-1.079455,22.29,49.5101,355.7,12.9,-5.351148E-08
11.97006,-1.071401,22.29,49.5094,356.1,10.8,2.674236E-08
11.99404,-1.063337,22.29,49.50869,356.2,7.899994,0
12.01806,-1.063337,22.29,49.50869,356.2,4.999995,0
12.04201,-1.066258,22.29,49.50895,356.2,2.899995,-6.684803E-09
12.06497,-1.070984,22.29,49.50936,356.2,1.599995,0
12.09014,-1.076266,22.29,49.50982,356.4,1.199995,0
12.11508,-1.089049,22.29,49.51094,356.9,0.3999948,-8.349851E-10
12.13497,-1.096272,22.29,49.51157,357.1,359.8,0
12.15408,-1.104741,22.29,49.51231,357.3,358.9,0
12.17396,-1.115557,22.29,49.51326,357.5,357.2,6.676461E-09
12.19416,-1.128024,22.29,49.51435,357.6,356,6.675962E-09
12.2129,-1.128024,22.29,49.51435,357.7,354.4,-1.335097E-08
12.24004,-1.159802,22.29,49.51713,357.8,353.5,-1.335005E-08
12.26696,-1.159802,22.29,49.51713,358,352.2,0
12.2951,-1.159802,22.29,49.51713,358.4,349.9,-1.334542E-08
12.32201,-1.159802,22.29,49.51713,358.5,347.3,-1.334479E-08
12.35013,-1.159802,22.29,49.51713,358.8,344.5,0
12.37696,-1.159802,22.29,49.51713,359.1,342.8,1.334186E-08
12.40497,-1.159802,22.29,49.51713,359.2,341.2,0
12.43194,-1.159802,22.29,49.51713,359.2,339.3,1.334151E-08
12.45997,-1.159802,22.29,49.51713,359.2,338,1.334151E-08
12.48695,-1.159802,22.29,49.51713,358.9,336.8,0
12.51509,-1.159802,22.29,49.51713,358.8,336.4,-2.668628E-08
12.54199,-1.159802,22.29,49.51713,358.7,335.7,0
12.56989,-1.159802,22.29,49.51713,358.5,335.1,2.668957E-08
12.59694,-1.159802,22.29,49.51713,358.3,334.8,0
12.62414,-1.159802,22.29,49.51713,358.3,334.8,0
12.65098,-1.159802,22.29,49.51713,358.3,334.8,0
12.67712,-1.159802,22.29,49.51713,357.9,335,0
12.70388,-1.159802,22.29,49.51713,357.9,335,0
12.73104,-1.159802,22.29,49.51713,357.8,335.2,-5.340022E-08
12.758,-1.159802,22.29,49.51713,357.8,335.2,-5.340022E-08
12.78379,-1.159802,22.29,49.51713,357.8,335.2,-5.340022E-08
12.81093,-1.159802,22.29,49.51713,357.8,335.2,-5.340022E-08
12.83797,-1.159802,22.29,49.51713,357.8,335.2,-5.340022E-08
12.8638,-1.159802,22.29,49.51713,357.8,335.2,-5.340022E-08
12.89085,-1.159802,22.29,49.51713,357.8,335.2,-5.340022E-08
12.91696,-1.159802,22.29,49.51713,357.8,335.2,-5.340022E-08
12.94386,-1.159802,22.29,49.51713,357.8,335.2,-5.340022E-08
12.9709,-1.159802,22.29,49.51713,357.8,335.2,-5.340022E-08
12.99683,-1.159802,22.29,49.51713,357.8,335.2,-5.340022E-08
13.02375,-1.159802,22.29,49.51713,357.8,335.2,-5.340022E-08
13.04987,-1.159802,22.29,49.51713,357.8,335.2,-5.340022E-08
13.07701,-1.159802,22.29,49.51713,357.8,335.2,-5.340022E-08
13.10397,-1.159802,22.29,49.51713,357.8,335.2,-5.340022E-08
13.12995,-1.159802,22.29,49.51713,357.8,335.2,-5.340022E-08
13.15694,-1.159802,22.29,49.51713,357.8,335.2,-5.340022E-08
13.18382,-1.159802,22.29,49.51713,357.8,335.2,-5.340022E-08
13.20993,-1.159802,22.29,49.51713,357.8,335.2,-5.340022E-08
13.23683,-1.159802,22.29,49.51713,357.8,335.2,-5.340022E-08
13.26386,-1.159802,22.29,49.51713,357.8,335.2,-5.340022E-08
13.28992,-1.159802,22.29,49.51713,357.8,335.2,-5.340022E-08
13.31702,-1.159802,22.29,49.51713,357.8,335.2,-5.340022E-08
13.3438,-1.159802,22.29,49.51713,357.8,335.2,-5.340022E-08

